DTXSID,PREFERRED NAME,CASRN,INCHIKEY,IUPAC NAME,SMILES,INCHI STRING,MOLECULAR FORMULA,AVERAGE MASS,MONOISOTOPIC MASS,QC Level,# ToxCast Active,Total Assays,% ToxCast Active
https://comptox.epa.gov/dashboard/chemical/details/DTXSID0021389,Trichlorfon,52-68-6,NFACJZMKEDPNKN-UHFFFAOYSA-N,"Dimethyl (2,2,2-trichloro-1-hydroxyethyl)phosphonate",COP(=O)(OC)C(O)C(Cl)(Cl)Cl,"InChI=1/C4H8Cl3O4P/c1-10-12(9,11-2)3(8)4(5,6)7/h3,8H,1-2H3
",C4H8Cl3O4P,257.43,255.922579,1,87/701,701,12
https://comptox.epa.gov/dashboard/chemical/details/DTXSID0032574,Ryanodine,15662-33-6,JJSYXNQGLHBRRK-SFEDZAPPSA-N,"(3S,4R,4aR,6S,6aR,7S,8R,8aS,8bR,9S,9aS)-4,6,7,8a,8b,9a-Hexahydroxy-3,6a,9-trimethyl-7-(propan-2-yl)dodecahydro-6,9-methanobenzo[1,2]pentaleno[1,6-bc]furan-8-yl 1H-pyrrole-2-carboxylate",CC(C)[C@@]1(O)[C@@H](OC(=O)C2=CC=CN2)[C@@]2(O)[C@@]3(C)C[C@]4(O)O[C@@]5([C@H](O)[C@@H](C)CC[C@]35O)[C@@]2(O)[C@@]14C,"InChI=1S/C25H35NO9/c1-12(2)22(31)17(34-16(28)14-7-6-10-26-14)23(32)18(4)11-21(30)19(22,5)25(23,33)24(35-21)15(27)13(3)8-9-20(18,24)29/h6-7,10,12-13,15,17,26-27,29-33H,8-9,11H2,1-5H3/t13-,15+,17+,18-,19+,20-,21-,22+,23+,24+,25+/m0/s1
",C25H35NO9,493.553,493.231182,2, 
https://comptox.epa.gov/dashboard/chemical/details/DTXSID0034223,Tebufenpyrad,119168-77-3,ZZYSLNWGKKDOML-UHFFFAOYSA-N,N-[(4-tert-Butylphenyl)methyl]-4-chloro-3-ethyl-1-methyl-1H-pyrazole-5-carboxamide,CCC1=NN(C)C(C(=O)NCC2=CC=C(C=C2)C(C)(C)C)=C1Cl,"InChI=1S/C18H24ClN3O/c1-6-14-15(19)16(22(5)21-14)17(23)20-11-12-7-9-13(10-8-12)18(2,3)4/h7-10H,6,11H2,1-5H3,(H,20,23)
",C18H24ClN3O,333.86,333.160790,1,302/667,667,45
https://comptox.epa.gov/dashboard/chemical/details/DTXSID0074687,Sulfoxaflor,946578-00-3,ZVQOOHYFBIDMTQ-UHFFFAOYSA-N,[Methyl(oxo){1-[6-(trifluoromethyl)pyridin-3-yl]ethyl}-lambda~6~-sulfanylidene]cyanamide,CC(C1=CC=C(N=C1)C(F)(F)F)S(C)(=O)=NC#N,"InChI=1/C10H10F3N3OS/c1-7(18(2,17)16-6-14)8-3-4-9(15-5-8)10(11,12)13/h3-5,7H,1-2H3
",C10H10F3N3OS,277.27,277.049668,1, 
https://comptox.epa.gov/dashboard/chemical/details/DTXSID101017940,Fenvalerate,51630-58-1,NYPJDWWKZLNGGM-UHFFFAOYSA-N,Cyano(3-phenoxyphenyl)methyl 2-(4-chlorophenyl)-3-methylbutanoate,CC(C)C(C(=O)OC(C#N)C1=CC=CC(OC2=CC=CC=C2)=C1)C1=CC=C(Cl)C=C1,"InChI=1/C25H22ClNO3/c1-17(2)24(18-11-13-20(26)14-12-18)25(28)30-23(16-27)19-7-6-10-22(15-19)29-21-8-4-3-5-9-21/h3-15,17,23-24H,1-2H3
",C25H22ClNO3,419.91,419.128821,1, 
https://comptox.epa.gov/dashboard/chemical/details/DTXSID1020194,Boric acid (H3BO3),10043-35-3,KGBXLFKZBHKPEV-UHFFFAOYSA-N,Boric acid,OB(O)O,"InChI=1S/BH3O3/c2-1(3)4/h2-4H
",BH3O3,61.83,62.017524,1,3/677,677,0
https://comptox.epa.gov/dashboard/chemical/details/DTXSID1021166,Piperonyl butoxide,51-03-6,FIPWRIJSWJWJAI-UHFFFAOYSA-N,"5-{[2-(2-Butoxyethoxy)ethoxy]methyl}-6-propyl-2H-1,3-benzodioxole",CCCCOCCOCCOCC1=CC2=C(OCO2)C=C1CCC,"InChI=1S/C19H30O5/c1-3-5-7-20-8-9-21-10-11-22-14-17-13-19-18(23-15-24-19)12-16(17)6-4-2/h12-13H,3-11,14-15H2,1-2H3
",C19H30O5,338.444,338.209324,1,117/705,705,17
https://comptox.epa.gov/dashboard/chemical/details/DTXSID1024049,Diflubenzuron,35367-38-5,QQQYTWIFVNKMRW-UHFFFAOYSA-N,"N-[(4-Chlorophenyl)carbamoyl]-2,6-difluorobenzamide",FC1=CC=CC(F)=C1C(=O)NC(=O)NC1=CC=C(Cl)C=C1,"InChI=1S/C14H9ClF2N2O2/c15-8-4-6-9(7-5-8)18-14(21)19-13(20)12-10(16)2-1-3-11(12)17/h1-7H,(H2,18,19,20,21)
",C14H9ClF2N2O2,310.68,310.032062,1,11/350,350,3
https://comptox.epa.gov/dashboard/chemical/details/DTXSID1032640,Pyriproxyfen,95737-68-1,NHDHVHZZCFYRSB-UHFFFAOYSA-N,2-{[1-(4-Phenoxyphenoxy)propan-2-yl]oxy}pyridine,CC(COC1=CC=C(OC2=CC=CC=C2)C=C1)OC1=NC=CC=C1,"InChI=1/C20H19NO3/c1-16(23-20-9-5-6-14-21-20)15-22-17-10-12-19(13-11-17)24-18-7-3-2-4-8-18/h2-14,16H,15H2,1H3
",C20H19NO3,321.376,321.136493,1,101/695,695,15
https://comptox.epa.gov/dashboard/chemical/details/DTXSID1037511,Chlormephos,24934-91-6,QGTYWWGEWOBMAK-UHFFFAOYSA-N,"S-(Chloromethyl) O,O-diethyl phosphorodithioate",CCOP(=S)(OCC)SCCl,"InChI=1S/C5H12ClO2PS2/c1-3-7-9(10,8-4-2)11-5-6/h3-5H2,1-2H3
",C5H12ClO2PS2,234.69,233.970487,1,2/234,234,1
https://comptox.epa.gov/dashboard/chemical/details/DTXSID1041978,Flufenoxuron,101463-69-8,RYLHNOVXKPXDIP-UHFFFAOYSA-N,"N-({4-[2-Chloro-4-(trifluoromethyl)phenoxy]-2-fluorophenyl}carbamoyl)-2,6-difluorobenzamide",FC1=CC=CC(F)=C1C(=O)NC(=O)NC1=C(F)C=C(OC2=C(Cl)C=C(C=C2)C(F)(F)F)C=C1,"InChI=1S/C21H11ClF6N2O3/c22-12-8-10(21(26,27)28)4-7-17(12)33-11-5-6-16(15(25)9-11)29-20(32)30-19(31)18-13(23)2-1-3-14(18)24/h1-9H,(H2,29,30,31,32)
",C21H11ClF6N2O3,488.77,488.036239,1,54/369,369,15
https://comptox.epa.gov/dashboard/chemical/details/DTXSID10930763,5-Hydroxyfuran-2(5H)-one,14032-66-7,DUAZKLYNTLDKQK-UHFFFAOYSA-N,5-Hydroxyfuran-2(5H)-one,OC1OC(=O)C=C1,"InChI=1/C4H4O3/c5-3-1-2-4(6)7-3/h1-3,5H
",C4H4O3,100.073,100.016044,2, 
https://comptox.epa.gov/dashboard/chemical/details/DTXSID20192613,Pyriprole,394730-71-3,MWMQNVGAHVXSPE-UHFFFAOYSA-N,"1-[2,6-Dichloro-4-(trifluoromethyl)phenyl]-4-[(difluoromethyl)sulfanyl]-5-{[(pyridin-2-yl)methyl]amino}-1H-pyrazole-3-carbonitrile",FC(F)SC1=C(NCC2=CC=CC=N2)N(N=C1C#N)C1=C(Cl)C=C(C=C1Cl)C(F)(F)F,"InChI=1S/C18H10Cl2F5N5S/c19-11-5-9(18(23,24)25)6-12(20)14(11)30-16(28-8-10-3-1-2-4-27-10)15(31-17(21)22)13(7-26)29-30/h1-6,17,28H,8H2
",C18H10Cl2F5N5S,494.27,492.995413,1, 
https://comptox.epa.gov/dashboard/chemical/details/DTXSID2020765,Isolane,119-38-0,RNNBHZYEKNHLKT-UHFFFAOYSA-N,3-Methyl-1-(propan-2-yl)-1H-pyrazol-5-yl dimethylcarbamate,CC(C)N1N=C(C)C=C1OC(=O)N(C)C,"InChI=1S/C10H17N3O2/c1-7(2)13-9(6-8(3)11-13)15-10(14)12(4)5/h6-7H,1-5H3
",C10H17N3O2,211.265,211.132077,1, 
https://comptox.epa.gov/dashboard/chemical/details/DTXSID2029612,Limonene,138-86-3,XMGQYMWWDOXHJM-UHFFFAOYSA-N,1-Methyl-4-(prop-1-en-2-yl)cyclohex-1-ene,CC(=C)C1CCC(C)=CC1,"InChI=1/C10H16/c1-8(2)10-6-4-9(3)5-7-10/h4,10H,1,5-7H2,2-3H3
",C10H16,136.238,136.125201,1,3/355,355,1
https://comptox.epa.gov/dashboard/chemical/details/DTXSID2032683,Mevinphos,7786-34-7,GEPDYQSQVLXLEU-UHFFFAOYSA-N,Methyl 3-[(dimethoxyphosphoryl)oxy]but-2-enoate,COC(=O)C=C(C)OP(=O)(OC)OC,"InChI=1S/C7H13O6P/c1-6(5-7(8)10-2)13-14(9,11-3)12-4/h5H,1-4H3
",C7H13O6P,224.149,224.044975,1,22/642,642,3
https://comptox.epa.gov/dashboard/chemical/details/DTXSID2034465,Clothianidin,210880-92-5,PGOOBECODWQEAB-UHFFFAOYSA-N,"N-[(2-Chloro-1,3-thiazol-5-yl)methyl]-N'-methyl-N''-nitroguanidine",CN\C(NCC1=CN=C(Cl)S1)=N/[N+]([O-])=O,"InChI=1S/C6H8ClN5O2S/c1-8-6(11-12(13)14)10-3-4-2-9-5(7)15-4/h2H,3H2,1H3,(H2,8,10,11)
",C6H8ClN5O2S,249.67,249.008723,1,20/674,674,3
https://comptox.epa.gov/dashboard/chemical/details/DTXSID2034962,Thiamethoxam,153719-23-4,NWWZPOKUUAIXIW-UHFFFAOYSA-N,"N-{3-[(2-Chloro-1,3-thiazol-5-yl)methyl]-5-methyl-1,3,5-oxadiazinan-4-ylidene}nitramide",CN1COCN(CC2=CN=C(Cl)S2)C1=N[N+]([O-])=O,"InChI=1S/C8H10ClN5O3S/c1-12-4-17-5-13(8(12)11-14(15)16)3-6-2-10-7(9)18-6/h2H,3-5H2,1H3
",C8H10ClN5O3S,291.71,291.019288,1,4/705,705,1
https://comptox.epa.gov/dashboard/chemical/details/DTXSID20423797,"2,5-Dimethoxy-p-cymene",14753-08-3,VTRMVHBUTNPBTP-UHFFFAOYSA-N,"1,4-Dimethoxy-2-methyl-5-(propan-2-yl)benzene",COC1=CC(C(C)C)=C(OC)C=C1C,"InChI=1S/C12H18O2/c1-8(2)10-7-11(13-4)9(3)6-12(10)14-5/h6-8H,1-5H3
",C12H18O2,194.274,194.130680,2, 
https://comptox.epa.gov/dashboard/chemical/details/DTXSID2044345,Chlorantraniliprole,500008-45-7,PSOVNZZNOMJUBI-UHFFFAOYSA-N,3-Bromo-N-[4-chloro-2-methyl-6-(methylcarbamoyl)phenyl]-1-(3-chloropyridin-2-yl)-1H-pyrazole-5-carboxamide,CNC(=O)C1=CC(Cl)=CC(C)=C1NC(=O)C1=CC(Br)=NN1C1=C(Cl)C=CC=N1,"InChI=1S/C18H14BrCl2N5O2/c1-9-6-10(20)7-11(17(27)22-2)15(9)24-18(28)13-8-14(19)25-26(13)16-12(21)4-3-5-23-16/h3-8H,1-2H3,(H,22,27)(H,24,28)
",C18H14BrCl2N5O2,483.15,480.970793,1, 
https://comptox.epa.gov/dashboard/chemical/details/DTXSID2058174,Cyantraniliprole,736994-63-1,DVBUIBGJRQBEDP-UHFFFAOYSA-N,3-Bromo-1-(3-chloropyridin-2-yl)-N-[4-cyano-2-methyl-6-(methylcarbamoyl)phenyl]-1H-pyrazole-5-carboxamide,CNC(=O)C1=CC(=CC(C)=C1NC(=O)C1=CC(Br)=NN1C1=NC=CC=C1Cl)C#N,"InChI=1S/C19H14BrClN6O2/c1-10-6-11(9-22)7-12(18(28)23-2)16(10)25-19(29)14-8-15(20)26-27(14)17-13(21)4-3-5-24-17/h3-8H,1-2H3,(H,23,28)(H,25,29)
",C19H14BrClN6O2,473.72,472.005014,1, 
https://comptox.epa.gov/dashboard/chemical/details/DTXSID3020047,Allyl isothiocyanate,57-06-7,ZOJBYZNEUISWFT-UHFFFAOYSA-N,3-Isothiocyanatoprop-1-ene,C=CCN=C=S,"InChI=1S/C4H5NS/c1-2-3-5-4-6/h2H,1,3H2
",C4H5NS,99.15,99.014270,1,3/347,347,1
https://comptox.epa.gov/dashboard/chemical/details/DTXSID3020415,"1,2-Dibromoethane",106-93-4,PAAZPARNPHGIKF-UHFFFAOYSA-N,"1,2-Dibromoethane",BrCCBr,"InChI=1S/C2H4Br2/c3-1-2-4/h1-2H2
",C2H4Br2,187.862,185.867976,1,4/458,458,1
https://comptox.epa.gov/dashboard/chemical/details/DTXSID30210317,"Benzamide, N-(aminocarbonyl)- (9CI)",614-22-2,HRYILSDLIGTCOP-UHFFFAOYSA-N,N-Carbamoylbenzamide,NC(=O)NC(=O)C1=CC=CC=C1,"InChI=1S/C8H8N2O2/c9-8(12)10-7(11)6-4-2-1-3-5-6/h1-5H,(H3,9,10,11,12)
",C8H8N2O2,164.164,164.058578,2, 
https://comptox.epa.gov/dashboard/chemical/details/DTXSID3032620,Hexaflumuron,86479-06-3,RGNPBRKPHBKNKX-UHFFFAOYSA-N,"N-{[3,5-Dichloro-4-(1,1,2,2-tetrafluoroethoxy)phenyl]carbamoyl}-2,6-difluorobenzamide",FC(F)C(F)(F)OC1=C(Cl)C=C(NC(=O)NC(=O)C2=C(F)C=CC=C2F)C=C1Cl,"InChI=1S/C16H8Cl2F6N2O3/c17-7-4-6(5-8(18)12(7)29-16(23,24)14(21)22)25-15(28)26-13(27)11-9(19)2-1-3-10(11)20/h1-5,14H,(H2,25,26,27,28)
",C16H8Cl2F6N2O3,461.14,459.981616,1,33/605,605,5
https://comptox.epa.gov/dashboard/chemical/details/DTXSID3034743,Mineral oil - includes paraffin oil,8012-95-1,,,,,,, ,1, 
https://comptox.epa.gov/dashboard/chemical/details/DTXSID3035052,Emamectin,119791-41-2,,,,,,, ,1, 
https://comptox.epa.gov/dashboard/chemical/details/DTXSID30999059,"1,2,3,6-Tetrahydro-N-octyl-3,6-methanophthalimide",7786-80-3,YLHCJWZWKGVBOS-UHFFFAOYSA-N,"2-Octyl-3a,4,7,7a-tetrahydro-1H-4,7-methanoisoindole-1,3(2H)-dione",CCCCCCCCN1C(=O)C2C3CC(C=C3)C2C1=O,"InChI=1/C17H25NO2/c1-2-3-4-5-6-7-10-18-16(19)14-12-8-9-13(11-12)15(14)17(18)20/h8-9,12-15H,2-7,10-11H2,1H3
",C17H25NO2,275.392,275.188529,1, 
https://comptox.epa.gov/dashboard/chemical/details/DTXSID4020791,Malathion,121-75-5,JXSJBGJIGXNWCI-UHFFFAOYSA-N,Diethyl 2-[(dimethoxyphosphorothioyl)sulfanyl]butanedioate,CCOC(=O)CC(SP(=S)(OC)OC)C(=O)OCC,"InChI=1/C10H19O6PS2/c1-5-15-9(11)7-8(10(12)16-6-2)19-17(18,13-3)14-4/h8H,5-7H2,1-4H3
",C10H19O6PS2,330.35,330.036068,1,131/765,765,17
https://comptox.epa.gov/dashboard/chemical/details/DTXSID4024276,Propargite,2312-35-8,ZYHMJXZULPZUED-UHFFFAOYSA-N,2-(4-tert-Butylphenoxy)cyclohexyl prop-2-yn-1-yl sulfite,CC(C)(C)C1=CC=C(OC2CCCCC2OS(=O)OCC#C)C=C1,"InChI=1/C19H26O4S/c1-5-14-21-24(20)23-18-9-7-6-8-17(18)22-16-12-10-15(11-13-16)19(2,3)4/h1,10-13,17-18H,6-9,14H2,2-4H3
",C19H26O4S,350.47,350.155180,1,322/760,760,42
https://comptox.epa.gov/dashboard/chemical/details/DTXSID4032667,Es-fenvalerate,66230-04-4,NYPJDWWKZLNGGM-RPWUZVMVSA-N,(S)-Cyano(3-phenoxyphenyl)methyl (2S)-2-(4-chlorophenyl)-3-methylbutanoate,CC(C)[C@H](C(=O)O[C@H](C#N)C1=CC=CC(OC2=CC=CC=C2)=C1)C1=CC=C(Cl)C=C1,"InChI=1S/C25H22ClNO3/c1-17(2)24(18-11-13-20(26)14-12-18)25(28)30-23(16-27)19-7-6-10-22(15-19)29-21-8-4-3-5-9-21/h3-15,17,23-24H,1-2H3/t23-,24+/m1/s1
",C25H22ClNO3,419.91,419.128821,1,118/714,714,17
https://comptox.epa.gov/dashboard/chemical/details/DTXSID4034609,Fipronil,120068-37-3,ZOCSXAVNDGMNBV-UHFFFAOYSA-N,"5-Amino-1-[2,6-dichloro-4-(trifluoromethyl)phenyl]-4-(trifluoromethanesulfinyl)-1H-pyrazole-3-carbonitrile",NC1=C(C(=NN1C1=C(Cl)C=C(C=C1Cl)C(F)(F)F)C#N)S(=O)C(F)(F)F,"InChI=1/C12H4Cl2F6N4OS/c13-5-1-4(11(15,16)17)2-6(14)8(5)24-10(22)9(7(3-21)23-24)26(25)12(18,19)20/h1-2H,22H2
",C12H4Cl2F6N4OS,437.14,435.938706,1,280/749,749,37
https://comptox.epa.gov/dashboard/chemical/details/DTXSID4034948,Tebufenozide,112410-23-8,QYPNKSZPJQQLRK-UHFFFAOYSA-N,"N-tert-Butyl-N'-(4-ethylbenzoyl)-3,5-dimethylbenzohydrazide",CCC1=CC=C(C=C1)C(=O)NN(C(=O)C1=CC(C)=CC(C)=C1)C(C)(C)C,"InChI=1S/C22H28N2O2/c1-7-17-8-10-18(11-9-17)20(25)23-24(22(4,5)6)21(26)19-13-15(2)12-16(3)14-19/h8-14H,7H2,1-6H3,(H,23,25)
",C22H28N2O2,352.478,352.215078,1,93/660,660,14
https://comptox.epa.gov/dashboard/chemical/details/DTXSID4037536,Oxydisulfoton,2497-07-6,UPUGLJYNCXXUQV-UHFFFAOYSA-N,"S-[2-(Ethanesulfinyl)ethyl] O,O-diethyl phosphorodithioate",CCOP(=S)(OCC)SCCS(=O)CC,"InChI=1/C8H19O3PS3/c1-4-10-12(13,11-5-2)14-7-8-15(9)6-3/h4-8H2,1-3H3
",C8H19O3PS3,290.39,290.023395,1, 
https://comptox.epa.gov/dashboard/chemical/details/DTXSID4041993,Fosthietan,21548-32-3,RHJOIOVESMTJEK-UHFFFAOYSA-N,"Diethyl N-1,3-dithietan-2-ylidenephosphoramidate",CCOP(=O)(OCC)N=C1SCS1,"InChI=1S/C6H12NO3PS2/c1-3-9-11(8,10-4-2)7-6-12-5-13-6/h3-5H2,1-2H3
",C6H12NO3PS2,241.26,240.999623,1, 
https://comptox.epa.gov/dashboard/chemical/details/DTXSID4042468,"3,3-Dimethyl-1-(methylthio)butanone-O-(N-methylcarbamoyl)oxime",39196-18-4,FZSVSABTBYGOQH-UHFFFAOYSA-N,"6-tert-Butyl-4-oxa-8-thia-2,5-diazanon-5-en-3-one",CNC(=O)ON=C(CSC)C(C)(C)C,"InChI=1S/C9H18N2O2S/c1-9(2,3)7(6-14-5)11-13-8(12)10-4/h6H2,1-5H3,(H,10,12)
",C9H18N2O2S,218.32,218.108899,1,1/254,254,0
https://comptox.epa.gov/dashboard/chemical/details/DTXSID4047672,Flubendiamide,272451-65-7,ZGNITFSDLCMLGI-UHFFFAOYSA-N,"N~1~-[4-(1,1,1,2,3,3,3-Heptafluoropropan-2-yl)-2-methylphenyl]-3-iodo-N~2~-[1-(methanesulfonyl)-2-methylpropan-2-yl]benzene-1,2-dicarboxamide",CC1=CC(=CC=C1NC(=O)C1=CC=CC(I)=C1C(=O)NC(C)(C)CS(C)(=O)=O)C(F)(C(F)(F)F)C(F)(F)F,"InChI=1S/C23H22F7IN2O4S/c1-12-10-13(21(24,22(25,26)27)23(28,29)30)8-9-16(12)32-18(34)14-6-5-7-15(31)17(14)19(35)33-20(2,3)11-38(4,36)37/h5-10H,11H2,1-4H3,(H,32,34)(H,33,35)
",C23H22F7IN2O4S,682.39,682.023320,1,49/392,392,13
https://comptox.epa.gov/dashboard/chemical/details/DTXSID4052683,Fluoren-9-ol,1689-64-1,AFMVESZOYKHDBJ-UHFFFAOYSA-N,9H-Fluoren-9-ol,OC1C2=C(C=CC=C2)C2=C1C=CC=C2,"InChI=1S/C13H10O/c14-13-11-7-3-1-5-9(11)10-6-2-4-8-12(10)13/h1-8,13-14H
",C13H10O,182.222,182.073165,1, 
https://comptox.epa.gov/dashboard/chemical/details/DTXSID4058495,Milbemycin oxime,93074-04-5,YCAZFHUABUMOIM-JUBNYKKYSA-N,"[2'R,2a(3)E,4E,5'S,6R,6'R,8E,11R,15S,17aR,20Z,20aR,20bS]-6'-Ethyl-20b-hydroxy-20-(hydroxyimino)-5',6,8,19-tetramethyl-6,7,10,11,14,15,17a,20,20a,20b-decahydro-2H,17H-spiro[11,15-methanofuro[4,3,2-pq][2,6]benzodioxacyclooctadecine-13,2'-oxan]-17-one",CC[C@H]1O[C@]2(CC[C@@H]1C)C[C@@H]1C[C@@H](C\C=C(C)\C[C@@H](C)\C=C\C=C3/CO[C@@H]4\C(=N/O)C(C)=C[C@@H](C(=O)O1)[C@]34O)O2,"InChI=1S/C32H45NO7/c1-6-27-21(4)12-13-31(40-27)17-25-16-24(39-31)11-10-20(3)14-19(2)8-7-9-23-18-37-29-28(33-36)22(5)15-26(30(34)38-25)32(23,29)35/h7-10,15,19,21,24-27,29,35-36H,6,11-14,16-18H2,1-5H3/b8-7+,20-10+,23-9+,33-28-/t19-,21-,24+,25-,26-,27+,29+,31+,32+/m0/s1
",C32H45NO7,555.712,555.319603,1, 
https://comptox.epa.gov/dashboard/chemical/details/DTXSID50148921,Afoxolaner,1093861-60-9,OXDDDHGGRFRLEE-UHFFFAOYSA-N,"4-{5-[3-Chloro-5-(trifluoromethyl)phenyl]-5-(trifluoromethyl)-4,5-dihydro-1,2-oxazol-3-yl}-N-{2-oxo-2-[(2,2,2-trifluoroethyl)amino]ethyl}naphthalene-1-carboxamide",FC(F)(F)CNC(=O)CNC(=O)C1=CC=C(C2=NOC(C2)(C2=CC(=CC(Cl)=C2)C(F)(F)F)C(F)(F)F)C2=CC=CC=C12,"InChI=1S/C26H17ClF9N3O3/c27-15-8-13(7-14(9-15)25(31,32)33)23(26(34,35)36)10-20(39-42-23)18-5-6-19(17-4-2-1-3-16(17)18)22(41)37-11-21(40)38-12-24(28,29)30/h1-9H,10-12H2,(H,37,41)(H,38,40)
",C26H17ClF9N3O3,625.88,625.081473,1, 
https://comptox.epa.gov/dashboard/chemical/details/DTXSID5023871,Amitraz,33089-61-1,QXAITBQSYVNQDR-UHFFFAOYSA-N,"N'-(2,4-Dimethylphenyl)-N-{[(2,4-dimethylphenyl)imino]methyl}-N-methylmethanimidamide",CN(C=NC1=C(C)C=C(C)C=C1)C=NC1=C(C)C=C(C)C=C1,"InChI=1S/C19H23N3/c1-14-6-8-18(16(3)10-14)20-12-22(5)13-21-19-9-7-15(2)11-17(19)4/h6-13H,1-5H3
",C19H23N3,293.414,293.189198,1,162/676,676,24
https://comptox.epa.gov/dashboard/chemical/details/DTXSID5032442,Imidacloprid,138261-41-3,YWTYJOPNNQFBPC-UHFFFAOYSA-N,N-{(2E)-1-[(6-Chloropyridin-3-yl)methyl]imidazolidin-2-ylidene}nitramide,[O-][N+](=O)\N=C1/NCCN1CC1=CN=C(Cl)C=C1,"InChI=1S/C9H10ClN5O2/c10-8-2-1-7(5-12-8)6-14-4-3-11-9(14)13-15(16)17/h1-2,5H,3-4,6H2,(H,11,13)
",C9H10ClN5O2,255.66,255.052302,1,57/743,743,8
https://comptox.epa.gov/dashboard/chemical/details/DTXSID5034355,Triflumuron,64628-44-0,XAIPTRIXGHTTNT-UHFFFAOYSA-N,2-Chloro-N-{[4-(trifluoromethoxy)phenyl]carbamoyl}benzamide,FC(F)(F)OC1=CC=C(NC(=O)NC(=O)C2=CC=CC=C2Cl)C=C1,"InChI=1S/C15H10ClF3N2O3/c16-12-4-2-1-3-11(12)13(22)21-14(23)20-9-5-7-10(8-6-9)24-15(17,18)19/h1-8H,(H2,20,21,22,23)
",C15H10ClF3N2O3,358.7,358.033204,1,5/234,234,2
https://comptox.epa.gov/dashboard/chemical/details/DTXSID5034357,Lufenuron,103055-07-8,PWPJGUXAGUPAHP-UHFFFAOYSA-N,"N-{[2,5-Dichloro-4-(1,1,2,3,3,3-hexafluoropropoxy)phenyl]carbamoyl}-2,6-difluorobenzamide",FC(C(F)(F)F)C(F)(F)OC1=CC(Cl)=C(NC(=O)NC(=O)C2=C(F)C=CC=C2F)C=C1Cl,"InChI=1/C17H8Cl2F8N2O3/c18-6-5-11(32-17(26,27)14(22)16(23,24)25)7(19)4-10(6)28-15(31)29-13(30)12-8(20)2-1-3-9(12)21/h1-5,14H,(H2,28,29,30,31)
",C17H8Cl2F8N2O3,511.15,509.978423,1,32/347,347,9
https://comptox.epa.gov/dashboard/chemical/details/DTXSID5034773,Novaluron,116714-46-6,NJPPVKZQTLUDBO-UHFFFAOYSA-N,"N-({3-Chloro-4-[1,1,2-trifluoro-2-(trifluoromethoxy)ethoxy]phenyl}carbamoyl)-2,6-difluorobenzamide",FC(OC(F)(F)F)C(F)(F)OC1=C(Cl)C=C(NC(=O)NC(=O)C2=C(F)C=CC=C2F)C=C1,"InChI=1/C17H9ClF8N2O4/c18-8-6-7(4-5-11(8)31-16(22,23)14(21)32-17(24,25)26)27-15(30)28-13(29)12-9(19)2-1-3-10(12)20/h1-6,14H,(H2,27,28,29,30)
",C17H9ClF8N2O4,492.71,492.012310,1,22/651,651,3
https://comptox.epa.gov/dashboard/chemical/details/DTXSID5042083,Kadethrin,58769-20-3,UGWALRUNBSBTGI-QJLCOAGJSA-N,"(5-Benzylfuran-3-yl)methyl (1S,3R)-2,2-dimethyl-3-[(E)-(2-oxothiolan-3-ylidene)methyl]cyclopropane-1-carboxylate",CC1(C)[C@H](\C=C2/CCSC2=O)[C@@H]1C(=O)OCC1=COC(CC2=CC=CC=C2)=C1,"InChI=1S/C23H24O4S/c1-23(2)19(12-17-8-9-28-22(17)25)20(23)21(24)27-14-16-11-18(26-13-16)10-15-6-4-3-5-7-15/h3-7,11-13,19-20H,8-10,14H2,1-2H3/b17-12+/t19-,20-/m1/s1
",C23H24O4S,396.5,396.139530,1,60/316,316,19
https://comptox.epa.gov/dashboard/chemical/details/DTXSID5042376,Sesamex,51-14-9,WABPPBHOPMUJHV-UHFFFAOYSA-N,"5-{1-[2-(2-Ethoxyethoxy)ethoxy]ethoxy}-2H-1,3-benzodioxole",CCOCCOCCOC(C)OC1=CC=C2OCOC2=C1,"InChI=1/C15H22O6/c1-3-16-6-7-17-8-9-18-12(2)21-13-4-5-14-15(10-13)20-11-19-14/h4-5,10,12H,3,6-9,11H2,1-2H3
",C15H22O6,298.335,298.141638,1, 
https://comptox.epa.gov/dashboard/chemical/details/DTXSID6021795,Xanthone,90-47-1,JNELGWHKGNBSMD-UHFFFAOYSA-N,9H-Xanthen-9-one,O=C1C2=C(OC3=C1C=CC=C3)C=CC=C2,"InChI=1S/C13H8O2/c14-13-9-5-1-3-7-11(9)15-12-8-4-2-6-10(12)13/h1-8H
",C13H8O2,196.205,196.052429,1,19/431,431,4
https://comptox.epa.gov/dashboard/chemical/details/DTXSID6023868,Hydramethylnon,67485-29-4,IQVNEKKDSLOHHK-UHFFFAOYSA-N,"2-(2-{1,5-Bis[4-(trifluoromethyl)phenyl]penta-1,4-dien-3-ylidene}hydrazinyl)-5,5-dimethyl-1,4,5,6-tetrahydropyrimidine",CC1(C)CNC(NN=C(C=CC2=CC=C(C=C2)C(F)(F)F)C=CC2=CC=C(C=C2)C(F)(F)F)=NC1,"InChI=1S/C25H24F6N4/c1-23(2)15-32-22(33-16-23)35-34-21(13-7-17-3-9-19(10-4-17)24(26,27)28)14-8-18-5-11-20(12-6-18)25(29,30)31/h3-14H,15-16H2,1-2H3,(H2,32,33,35)
",C25H24F6N4,494.485,494.190516,1,197/379,379,52
https://comptox.epa.gov/dashboard/chemical/details/DTXSID6023999,Cyromazine,66215-27-8,LVQDKIWDGQRHTE-UHFFFAOYSA-N,"N~2~-Cyclopropyl-1,3,5-triazine-2,4,6-triamine",NC1=NC(NC2CC2)=NC(N)=N1,"InChI=1S/C6H10N6/c7-4-10-5(8)12-6(11-4)9-3-1-2-3/h3H,1-2H2,(H5,7,8,9,10,11,12)
",C6H10N6,166.188,166.096694,1,6/649,649,1
https://comptox.epa.gov/dashboard/chemical/details/DTXSID6032562,Octylbicycloheptenedicarboximide,113-48-4,WLLGXSLBOPFWQV-UHFFFAOYSA-N,"2-(2-Ethylhexyl)-3a,4,7,7a-tetrahydro-1H-4,7-methanoisoindole-1,3(2H)-dione",CCCCC(CC)CN1C(=O)C2C3CC(C=C3)C2C1=O,"InChI=1/C17H25NO2/c1-3-5-6-11(4-2)10-18-16(19)14-12-7-8-13(9-12)15(14)17(18)20/h7-8,11-15H,3-6,9-10H2,1-2H3
",C17H25NO2,275.392,275.188529,1,175/772,772,23
https://comptox.epa.gov/dashboard/chemical/details/DTXSID6034928,Spirodiclofen,148477-71-8,DTDSAWVUFPGDMX-UHFFFAOYSA-N,"3-(2,4-Dichlorophenyl)-2-oxo-1-oxaspiro[4.5]dec-3-en-4-yl 2,2-dimethylbutanoate",CCC(C)(C)C(=O)OC1=C(C(=O)OC11CCCCC1)C1=CC=C(Cl)C=C1Cl,"InChI=1S/C21H24Cl2O4/c1-4-20(2,3)19(25)26-17-16(14-9-8-13(22)12-15(14)23)18(24)27-21(17)10-6-5-7-11-21/h8-9,12H,4-7,10-11H2,1-3H3
",C21H24Cl2O4,411.32,410.105165,1,151/728,728,21
https://comptox.epa.gov/dashboard/chemical/details/DTXSID6040373,Metaflumizone,139968-49-3,MIFOMMKAVSCNKQ-UHFFFAOYSA-N,2-{2-(4-Cyanophenyl)-1-[3-(trifluoromethyl)phenyl]ethylidene}-N-[4-(trifluoromethoxy)phenyl]hydrazine-1-carboxamide,FC(F)(F)OC1=CC=C(NC(=O)NN=C(CC2=CC=C(C=C2)C#N)C2=CC=CC(=C2)C(F)(F)F)C=C1,"InChI=1S/C24H16F6N4O2/c25-23(26,27)18-3-1-2-17(13-18)21(12-15-4-6-16(14-31)7-5-15)33-34-22(35)32-19-8-10-20(11-9-19)36-24(28,29)30/h1-11,13H,12H2,(H2,32,34,35)
",C24H16F6N4O2,506.408,506.117745,1,34/357,357,10
https://comptox.epa.gov/dashboard/chemical/details/DTXSID6042280,Phenthoate,2597-03-7,XAMUDJHXFNRLCY-UHFFFAOYSA-N,Ethyl [(dimethoxyphosphorothioyl)sulfanyl](phenyl)acetate,CCOC(=O)C(SP(=S)(OC)OC)C1=CC=CC=C1,"InChI=1/C12H17O4PS2/c1-4-16-12(13)11(10-8-6-5-7-9-10)19-17(18,14-2)15-3/h5-9,11H,4H2,1-3H3
",C12H17O4PS2,320.36,320.030588,1,56/435,435,13
https://comptox.epa.gov/dashboard/chemical/details/DTXSID6058182,Calcium arsenate,7778-44-1,RMBBSOLAGVEUSI-UHFFFAOYSA-H,Calcium arsorate (3/2),[Ca++].[Ca++].[Ca++].[O-][As]([O-])([O-])=O.[O-][As]([O-])([O-])=O,"InChI=1S/2AsH3O4.3Ca/c2*2-1(3,4)5;;;/h2*(H3,2,3,4,5);;;/q;;3*+2/p-6
",As2Ca3O8,398.069,397.690280,1, 
https://comptox.epa.gov/dashboard/chemical/details/DTXSID7022174,O-Ethyl O-(p-nitrophenyl phenyl)phosphonothioate,2104-64-5,AIGRXSNSLVJMEA-UHFFFAOYSA-N,O-Ethyl O-(4-nitrophenyl) phenylphosphonothioate,CCOP(=S)(OC1=CC=C(C=C1)[N+]([O-])=O)C1=CC=CC=C1,"InChI=1/C14H14NO4PS/c1-2-18-20(21,14-6-4-3-5-7-14)19-13-10-8-12(9-11-13)15(16)17/h3-11H,2H2,1H3
",C14H14NO4PS,323.3,323.038116,1,93/640,640,15
https://comptox.epa.gov/dashboard/chemical/details/DTXSID7024902,Dazomet,533-74-4,QAYICIQNSGETAS-UHFFFAOYSA-N,"3,5-Dimethyl-1,3,5-thiadiazinane-2-thione",CN1CSC(=S)N(C)C1,"InChI=1S/C5H10N2S2/c1-6-3-7(2)5(8)9-4-6/h3-4H2,1-2H3
",C5H10N2S2,162.27,162.028541,1,168/663,663,25
https://comptox.epa.gov/dashboard/chemical/details/DTXSID7032478,Spinosad,168316-95-8,,,,,,, ,1, 
https://comptox.epa.gov/dashboard/chemical/details/DTXSID7034256,Nithiazine,58842-20-9,LZTIMERBDGGAJD-PLNGDYQASA-N,"(2Z)-2-(Nitromethylidene)-1,3-thiazinane",[O-][N+](=O)\C=C1\NCCCS1,"InChI=1S/C5H8N2O2S/c8-7(9)4-5-6-2-1-3-10-5/h4,6H,1-3H2/b5-4-
",C5H8N2O2S,160.19,160.030649,2, 
https://comptox.epa.gov/dashboard/chemical/details/DTXSID7034414,Calcium polysulfide,1344-81-6,,,,,,, ,2, 
https://comptox.epa.gov/dashboard/chemical/details/DTXSID7034549,1-Methyl-2-nitro-3-((tetrahydrofuran-3-yl)methyl)guanidine,165252-70-0,YKBZOVFACRVRJN-UHFFFAOYSA-N,N-Methyl-N''-nitro-N'-[(oxolan-3-yl)methyl]guanidine,CNC(NCC1CCOC1)=N[N+]([O-])=O,"InChI=1/C7H14N4O3/c1-8-7(10-11(12)13)9-4-6-2-3-14-5-6/h6H,2-5H2,1H3,(H2,8,9,10)
",C7H14N4O3,202.214,202.106590,1,3/407,407,1
https://comptox.epa.gov/dashboard/chemical/details/DTXSID7034961,Thiacloprid,111988-49-9,HOKKPVIRMVDYPB-UVTDQMKNSA-N,"{(2Z)-3-[(6-Chloropyridin-3-yl)methyl]-1,3-thiazolidin-2-ylidene}cyanamide",ClC1=CC=C(CN2CCS\C2=N/C#N)C=N1,"InChI=1S/C10H9ClN4S/c11-9-2-1-8(5-13-9)6-15-3-4-16-10(15)14-7-12/h1-2,5H,3-4,6H2/b14-10-
",C10H9ClN4S,252.72,252.023645,1,22/732,732,3
https://comptox.epa.gov/dashboard/chemical/details/DTXSID7040235,Ivermectin,70288-86-7,,,,,,, ,1, 
https://comptox.epa.gov/dashboard/chemical/details/DTXSID7042225,CP-40294,2665-30-7,VCLYJTVFGQHHHD-UHFFFAOYSA-N,O-(4-Nitrophenyl) O-phenyl methylphosphonothioate,CP(=S)(OC1=CC=CC=C1)OC1=CC=C(C=C1)[N+]([O-])=O,"InChI=1/C13H12NO4PS/c1-19(20,17-12-5-3-2-4-6-12)18-13-9-7-11(8-10-13)14(15)16/h2-10H,1H3
",C13H12NO4PS,309.28,309.022466,1, 
https://comptox.epa.gov/dashboard/chemical/details/DTXSID7042352,Pyrazophos,13457-18-6,JOOMJVFZQRQWKR-UHFFFAOYSA-N,"Ethyl 2-[(diethoxyphosphorothioyl)oxy]-5-methylpyrazolo[1,5-a]pyrimidine-6-carboxylate",CCOC(=O)C1=CN2N=C(OP(=S)(OCC)OCC)C=C2N=C1C,"InChI=1S/C14H20N3O5PS/c1-5-19-14(18)11-9-17-12(15-10(11)4)8-13(16-17)22-23(24,20-6-2)21-7-3/h8-9H,5-7H2,1-4H3
",C14H20N3O5PS,373.36,373.086129,1,27/234,234,12
https://comptox.epa.gov/dashboard/chemical/details/DTXSID7044342,Spirotetramat,203313-25-1,CLSVJBIHYWPGQY-GGYDESQDNA-N,"(5s,8s)-3-(2,5-Dimethylphenyl)-8-methoxy-2-oxo-1-azaspiro[4.5]dec-3-en-4-yl ethyl carbonate",CCOC(=O)OC1=C(C(=O)N[C@@]11CC[C@@H](CC1)OC)C1=C(C)C=CC(C)=C1,"InChI=1/C21H27NO5/c1-5-26-20(24)27-18-17(16-12-13(2)6-7-14(16)3)19(23)22-21(18)10-8-15(25-4)9-11-21/h6-7,12,15H,5,8-11H2,1-4H3,(H,22,23)/t15-,21+
",C21H27NO5,373.449,373.188923,1,21/319,319,7
https://comptox.epa.gov/dashboard/chemical/details/DTXSID7061142,"Benzoic acid, 2-benzoylhydrazide",787-84-8,GRRIYLZJLGTQJX-UHFFFAOYSA-N,N'-Benzoylbenzohydrazide,O=C(NNC(=O)C1=CC=CC=C1)C1=CC=CC=C1,"InChI=1S/C14H12N2O2/c17-13(11-7-3-1-4-8-11)15-16-14(18)12-9-5-2-6-10-12/h1-10H,(H,15,17)(H,16,18)
",C14H12N2O2,240.262,240.089878,2, 
https://comptox.epa.gov/dashboard/chemical/details/DTXSID8020913,Naphthalene,91-20-3,UFWIBTONFRDIAS-UHFFFAOYSA-N,Naphthalene,C1=CC2=CC=CC=C2C=C1,"InChI=1S/C10H8/c1-2-6-10-8-4-3-7-9(10)5-1/h1-8H
",C10H8,128.174,128.062600,1,18/628,628,3
https://comptox.epa.gov/dashboard/chemical/details/DTXSID8023892,Abamectin,71751-41-2,,,,,,, ,1,393/756,756,52
https://comptox.epa.gov/dashboard/chemical/details/DTXSID8029153,Benzyl benzoate,120-51-4,SESFRYSPDFLNCH-UHFFFAOYSA-N,Benzyl benzoate,O=C(OCC1=CC=CC=C1)C1=CC=CC=C1,"InChI=1S/C14H12O2/c15-14(13-9-5-2-6-10-13)16-11-12-7-3-1-4-8-12/h1-10H,11H2
",C14H12O2,212.248,212.083730,1,5/351,351,1
https://comptox.epa.gov/dashboard/chemical/details/DTXSID8032627,Methoprene,40596-69-8,NFGXHKASABOEEW-LDRANXPESA-N,"Propan-2-yl (2E,4E)-11-methoxy-3,7,11-trimethyldodeca-2,4-dienoate",COC(C)(C)CCCC(C)C\C=C\C(\C)=C\C(=O)OC(C)C,"InChI=1/C19H34O3/c1-15(2)22-18(20)14-17(4)11-8-10-16(3)12-9-13-19(5,6)21-7/h8,11,14-16H,9-10,12-13H2,1-7H3/b11-8+,17-14+
",C19H34O3,310.478,310.250795,1,10/234,234,4
https://comptox.epa.gov/dashboard/chemical/details/DTXSID8034401,Buprofezin,69327-76-0,PRLVTUNWOQKEAI-UHFFFAOYSA-N,"2-(tert-Butylimino)-5-phenyl-3-(propan-2-yl)-1,3,5-thiadiazinan-4-one",CC(C)N1C(SCN(C1=O)C1=CC=CC=C1)=NC(C)(C)C,"InChI=1S/C16H23N3OS/c1-12(2)19-14(17-16(3,4)5)21-11-18(15(19)20)13-9-7-6-8-10-13/h6-10,12H,11H2,1-5H3
",C16H23N3OS,305.44,305.156184,1,220/666,666,33
https://comptox.epa.gov/dashboard/chemical/details/DTXSID8034611,Flonicamid,158062-67-0,RLQJEEJISHYWON-UHFFFAOYSA-N,N-(Cyanomethyl)-4-(trifluoromethyl)pyridine-3-carboxamide,FC(F)(F)C1=CC=NC=C1C(=O)NCC#N,"InChI=1S/C9H6F3N3O/c10-9(11,12)7-1-3-14-5-6(7)8(16)15-4-2-13/h1,3,5H,4H2,(H,15,16)
",C9H6F3N3O,229.162,229.046296,1, 
https://comptox.epa.gov/dashboard/chemical/details/DTXSID8041828,Cythioate,115-93-5,BSBSDQUZDZXGFN-UHFFFAOYSA-N,"O,O-Dimethyl O-(4-sulfamoylphenyl) phosphorothioate",COP(=S)(OC)OC1=CC=C(C=C1)S(N)(=O)=O,"InChI=1S/C8H12NO5PS2/c1-12-15(16,13-2)14-7-3-5-8(6-4-7)17(9,10)11/h3-6H,1-2H3,(H2,9,10,11)
",C8H12NO5PS2,297.28,296.989452,1,8/234,234,3
https://comptox.epa.gov/dashboard/chemical/details/DTXSID9020249,Carbofuran,1563-66-2,DUEPRVBVGDRKAG-UHFFFAOYSA-N,"2,2-Dimethyl-2,3-dihydro-1-benzofuran-7-yl methylcarbamate",CNC(=O)OC1=CC=CC2=C1OC(C)(C)C2,"InChI=1S/C12H15NO3/c1-12(2)7-8-5-4-6-9(10(8)16-12)15-11(14)13-3/h4-6H,7H2,1-3H3,(H,13,14)
",C12H15NO3,221.256,221.105193,1,42/616,616,7
https://comptox.epa.gov/dashboard/chemical/details/DTXSID90235581,Fluralaner,864731-61-3,MLBZKOGAMRTSKP-UHFFFAOYSA-N,"4-[5-(3,5-Dichlorophenyl)-5-(trifluoromethyl)-4,5-dihydro-1,2-oxazol-3-yl]-2-methyl-N-{2-oxo-2-[(2,2,2-trifluoroethyl)amino]ethyl}benzamide",CC1=C(C=CC(=C1)C1=NOC(C1)(C1=CC(Cl)=CC(Cl)=C1)C(F)(F)F)C(=O)NCC(=O)NCC(F)(F)F,"InChI=1/C22H17Cl2F6N3O3/c1-11-4-12(2-3-16(11)19(35)31-9-18(34)32-10-21(25,26)27)17-8-20(36-33-17,22(28,29)30)13-5-14(23)7-15(24)6-13/h2-7H,8-10H2,1H3,(H,31,35)(H,32,34)
",C22H17Cl2F6N3O3,556.29,555.055116,1, 
https://comptox.epa.gov/dashboard/chemical/details/DTXSID9032533,Chlorfenapyr,122453-73-0,CWFOCCVIPCEQCK-UHFFFAOYSA-N,4-Bromo-2-(4-chlorophenyl)-1-(ethoxymethyl)-5-(trifluoromethyl)-1H-pyrrole-3-carbonitrile,CCOCN1C(=C(C#N)C(Br)=C1C(F)(F)F)C1=CC=C(Cl)C=C1,"InChI=1S/C15H11BrClF3N2O/c1-2-23-8-22-13(9-3-5-10(17)6-4-9)11(7-21)12(16)14(22)15(18,19)20/h3-6H,2,8H2,1H3
",C15H11BrClF3N2O,407.62,405.969538,1,178/367,367,49
https://comptox.epa.gov/dashboard/chemical/details/DTXSID9034818,Azamethiphos,35575-96-3,VNKBTWQZTQIWDV-UHFFFAOYSA-N,"S-[(6-Chloro-2-oxo[1,3]oxazolo[4,5-b]pyridin-3(2H)-yl)methyl] O,O-dimethyl phosphorothioate",COP(=O)(OC)SCN1C(=O)OC2=CC(Cl)=CN=C12,"InChI=1S/C9H10ClN2O5PS/c1-15-18(14,16-2)19-5-12-8-7(17-9(12)13)3-6(10)4-11-8/h3-4H,5H2,1-2H3
",C9H10ClN2O5PS,324.67,323.973657,1,147/645,645,23
https://comptox.epa.gov/dashboard/chemical/details/DTXSID9042049,Hydroprene,41096-46-2,FYQGBXGJFWXIPP-UEVLXMDPSA-N,"Ethyl (2E,4E)-3,7,11-trimethyldodeca-2,4-dienoate",CCOC(=O)\C=C(/C)\C=C\CC(C)CCCC(C)C,"InChI=1/C17H30O2/c1-6-19-17(18)13-16(5)12-8-11-15(4)10-7-9-14(2)3/h8,12-15H,6-7,9-11H2,1-5H3/b12-8+,16-13+
",C17H30O2,266.425,266.224580,1, 
https://comptox.epa.gov/dashboard/chemical/details/DTXSID90436011,Desnitro-imidacloprid,115970-17-7,UEQZFAGVRGWPDK-UHFFFAOYSA-N,"1-[(6-Chloropyridin-3-yl)methyl]-4,5-dihydro-1H-imidazol-2-amine",NC1=NCCN1CC1=CN=C(Cl)C=C1,"InChI=1S/C9H11ClN4/c10-8-2-1-7(5-13-8)6-14-4-3-12-9(14)11/h1-2,5H,3-4,6H2,(H2,11,12)
",C9H11ClN4,210.67,210.067224,1, 