,PREFERRED NAME,CASRN,use,smiles_cirpy_casrn,smiles_cirpy_name
60,"1,3-Dichloropropene (cis)",See note,"HB,NE",,
71,"2,4,5-T",93-76-5,HB,OC(=O)COc1cc(Cl)c(Cl)cc1Cl,OC(=O)COc1cc(Cl)c(Cl)cc1Cl
72,"2,4-D",94-75-7,"HB,PG",OC(=O)COc1ccc(Cl)cc1Cl,OC(=O)COc1ccc(Cl)cc1Cl
74,"2,5-Dichlorobenzoic acid methylester",2905-69-3,"FU,PG",COC(=O)c1cc(Cl)ccc1Cl,COC(=O)c1cc(Cl)ccc1Cl
77,2-(dithiocyanomethylthio)-benzothiazol,No CAS allocated,FU,,N#CSC(SC#N)Sc1sc2ccccc2n1
89,2-Naphthyloxyacetamide,35368-77-5,"HB,PG",NC(=O)COc1ccc2ccccc2c1,NC(=O)COc1ccc2ccccc2c1
91,2-Phenylphenol (incl. sodium salt orthophenyl phenol),90-43-7,FU,Oc1ccccc1c2ccccc2,
99,3-phenyl-2-propenal (Cinnamaldehyde),104-55-2,FU,O=C/C=C/c1ccccc1,O=CC=Cc1ccccc1.O=CC=Cc2ccccc2
103,4-t-Pentylphenol,80-46-6,BA,CCC(C)(C)c1ccc(O)cc1,CCC(C)(C)c1ccc(O)cc1
104,5-chloro-3-methyl-4-nitro-1H-pyrazole (CMNP),6814-58-0,FU,Cc1[nH]nc(Cl)c1[N+]([O-])=O,
109,8-methyl-2-decanol propionate,No CAS allocated,IN,,CCC(C)CCCCCC(C)O.CCC(O)=O
124,Adoxophyes orana GV strain BV-0001,No CAS allocated,IN,,
130,Alanycarb,83130-01-2,IN,CCOC(=O)CCN(Cc1ccccc1)SN(C)C(=O)O\N=C(\C)SC,CCOC(=O)CCN(Cc1ccccc1)SN(C)C(=O)O\N=C(\C)SC
132,Aldimorph,91315-15-0,FU,,
137,Alkyltrimethyl ammonium chloride,No CAS allocated,"BA,FU",,
138,Alkyltrimethylbenzyl ammonium chloride,No CAS allocated,HB,,
141,"Allium fistulosum, processed",No CAS allocated,"BA,FU",,
142,Alloxydim,55634-91-8,HB,CCC\C(NOCC=C)=C1/C(=O)CC(C)(C)C(C(=O)OC)C1=O,CCC\C(NOCC=C)=C1/C(=O)CC(C)(C)C(C(=O)OC)C1=O
143,Allyl alcohol,107-18-6,HB,OCC=C,OCC=C
163,Ammonium hydroxyde,1336-21-6,FU,[NH4+].[OH-],
167,Ampropylfos,14047-23-5,FU,CC[C@@H]([NH3+])[P]([O-])([O-])=O,
171,Anthracene oil,No CAS allocated,"AC,HB,IN,RO",,
175,Aramite,140-57-8,IN,CC(COc1ccc(cc1)C(C)(C)C)O[S](=O)OCCCl,CC(COc1ccc(cc1)C(C)(C)C)O[S](=O)OCCCl
180,Aspergillus flavus strain MUCL 54911,No CAS allocated,FU,,
192,Azinphos ethyl,2642-71-9,"AC,IN",CCO[P](=S)(OCC)SCN1N=Nc2ccccc2C1=O,CCO[P](=S)(OCC)SCN1N=Nc2ccccc2C1=O
193,Azinphos-methyl,86-50-0,"AC,IN",CO[P](=S)(OC)SCN1N=Nc2ccccc2C1=O,CO[P](=S)(OC)SCN1N=Nc2ccccc2C1=O
199,Bacillus amyloliquefaciens AT-332,No CAS allocated,FU,,
207,Bacillus licheniformis strain FMCH001,No CAS allocated,FU,,
208,Bacillus nakamurai F727,No CAS allocated,FU,,
211,Bacillus subtilis strain FMCH002,No CAS allocated,"FU,NE",,
214,Bacillus subtilis strain RTI477,No CAS allocated,FU,,
215,Bacillus thuringiensis strain RTI545,No CAS allocated,IN,,
224,Bacillus thuringiensis subsp. Tenebrionis strain NB176,No CAS allocated,IN,,
225,Bacillus velezensis strain RTI301,No CAS allocated,FU,,
226,Bacteriophage of Potato Soft Rot Enterobacteriaceae (BPSRE),No CAS allocated,BA,,
227,Bacteriophages against Erwinia amylovora (BAEA),No CAS allocated,BA,,
230,Barban,101-27-9,HB,ClCC#CCOC(=O)Nc1cccc(Cl)c1,ClCC#CCOC(=O)Nc1cccc(Cl)c1
231,Barium fluosilicate,See note,IN,,[Ba++].F[Si--](F)(F)(F)(F)F
233,Barium polysulphide,No CAS allocated,"FU,IN",,
238,Beauveria bassiana strain BOV1,No CAS allocated,IN,,
243,Beauveria bassiana strain R444,No CAS allocated,IN,,
249,Benalaxyl,71626-11-4,FU,COC(=O)C(C)N(C(=O)Cc1ccccc1)c2c(C)cccc2C,COC(=O)C(C)N(C(=O)Cc1ccccc1)c2c(C)cccc2C
251,Benazolin,5/6/3813,HB,,OC(=O)CN1C(=O)Sc2cccc(Cl)c12
252,Bendiocarb,22781-23-3,IN,CNC(=O)Oc1cccc2OC(C)(C)Oc12,CNC(=O)Oc1cccc2OC(C)(C)Oc12
253,Benfluralin,1861-40-1,HB,CCCCN(CC)c1c(cc(cc1[N+]([O-])=O)C(F)(F)F)[N+]([O-])=O,CCCCN(CC)c1c(cc(cc1[N+]([O-])=O)C(F)(F)F)[N+]([O-])=O
254,Benfuracarb,82560-54-1,"IN,NE",CCOC(=O)CCN(SN(C)C(=O)Oc1cccc2CC(C)(C)Oc12)C(C)C,CCOC(=O)CCN(SN(C)C(=O)Oc1cccc2CC(C)(C)Oc12)C(C)C
255,Benfuresate,68505-69-1,HB,CC[S](=O)(=O)Oc1ccc2OCC(C)(C)c2c1,CC[S](=O)(=O)Oc1ccc2OCC(C)(C)c2c1
256,Benodanil,15310-01-7,FU,Ic1ccccc1C(=O)Nc2ccccc2,Ic1ccccc1C(=O)Nc2ccccc2
259,Bensulide,741-58-2,HB,CC(C)O[P](=S)(OC(C)C)SCCN[S](=O)(=O)c1ccccc1,CC(C)O[P](=S)(OC(C)C)SCCN[S](=O)(=O)c1ccccc1
260,Bensultap,17606-31-4,IN,CN(C)C(CS[S](=O)(=O)c1ccccc1)CS[S](=O)(=O)c2ccccc2,CN(C)C(CS[S](=O)(=O)c1ccccc1)CS[S](=O)(=O)c2ccccc2
261,Bentaluron,No CAS allocated,FU,,
263,Benthiavalicarb,413615-35-7,FU,,
264,Benzalkonium chloride,8001-54-5,HB,,[Cl-].CCCCCCCCCCCCCC[N+](C)(C)Cc1ccccc1
267,Benzovindiflupyr,1072957-71-1,FU,,
268,Benzoximate,29104-30-1,AC,CCN(OC(=O)c1ccccc1)C(=O)c2c(OC)ccc(Cl)c2OC,CCN(OC(=O)c1ccccc1)C(=O)c2c(OC)ccc(Cl)c2OC
269,Benzoylprop,No CAS allocated,HB,,CC(N(c1ccc(Cl)c(Cl)c1)C(=O)c2ccccc2)C(O)=O
270,Benzthiazuron,1929-88-0,HB,CNC(=O)Nc1sc2ccccc2n1,CNC(=O)Nc1sc2ccccc2n1
271,Beta-Cyfluthrin,1820573-27-0,IN,,CC1(C)C(C=C(Cl)Cl)C1C(=O)OC(C#N)c2ccc(F)c(Oc3ccccc3)c2
272,Beta-cypermethrin,65731-84-2,IN,CC1(C)[C@@H](C=C(Cl)Cl)[C@H]1C(=O)O[C@H](C#N)c2cccc(Oc3ccccc3)c2,CC1(C)C(C=C(Cl)Cl)C1C(=O)OC(C#N)c2cccc(Oc3ccccc3)c2
273,Betabaculovirus phoperculellae,No CAS allocated,IN,,
277,Bifenthrin,82657-04-3,"AC,IN",Cc1c(COC(=O)C2C(\C=C(/Cl)C(F)(F)F)C2(C)C)cccc1c3ccccc3,Cc1c(COC(=O)C2C(\C=C(/Cl)C(F)(F)F)C2(C)C)cccc1c3ccccc3
279,Bioallethrin,260359-57-7,IN,,CC(C)=CC1C(C(=O)OC2CC(=O)C(=C2C)CC=C)C1(C)C
281,Bioresmethrin,28434-01-7,IN,CC(C)=CC1C(C(=O)OCc2coc(Cc3ccccc3)c2)C1(C)C,CC(C)=CC1C(C(=O)OCc2coc(Cc3ccccc3)c2)C1(C)C
283,Bis(tributyltin) oxide,56-35-9,FU,O(|[Sn](CCCC)(CCCC)CCCC)|[Sn](CCCC)(CCCC)CCCC,O(|[Sn](CCCC)(CCCC)CCCC)|[Sn](CCCC)(CCCC)CCCC
284,Bispyribac,125401-75-4,HB,,
285,Bitertanol,55179-31-2,FU,CC(C)(C)C(O)C(Oc1ccc(cc1)c2ccccc2)n3cncn3,CC(C)(C)C(O)C(Oc1ccc(cc1)c2ccccc2)n3cncn3
287,Bixafen,581809-46-3,FU,,
288,Bixlozone,81777-95-9,HB,,
290,Black soap,No CAS allocated,IN,,
291,Blasticidin-S,2079-00-7,FU,CN(CCC(N)CC(=O)N[C@H]1C=C[C@@H](O[C@@H]1C(O)=O)N2C=CC(=NC2=O)N)C(N)=N,CN(CC[C@H](N)CC(=O)N[C@@H]1C=C[C@H](O[C@H]1C(O)=O)N2C=CC(=NC2=O)N)C(N)=N
295,Boric acid,10043-35-3,IN,OB(O)O,OB(O)O
296,Boscalid (formerly nicobifen),188425-85-6,FU,Clc1ccc(cc1)c2ccccc2NC(=O)c3cccnc3Cl,
297,"Brandol (hydroxynonyl-2,6-dinitrobenzene)",No CAS allocated,FU,,
298,Brodifacoum,56073-10-0,RO,OC1=C(C2CC(Cc3ccccc23)c4ccc(cc4)c5ccc(Br)cc5)C(=O)c6ccccc6O1,OC1=C(C2CC(Cc3ccccc23)c4ccc(cc4)c5ccc(Br)cc5)C(=O)c6ccccc6O1
299,Bromacil,314-40-9,HB,CCC(C)N1C(=O)NC(=C(Br)C1=O)C,CCC(C)N1C(=O)NC(=C(Br)C1=O)C
300,Bromadiolone,28772-56-7,RO,OC(CC(c1ccccc1)C2=C(O)Oc3ccccc3C2=O)c4ccc(cc4)c5ccc(Br)cc5,OC(CC(c1ccccc1)C2=C(O)Oc3ccccc3C2=O)c4ccc(cc4)c5ccc(Br)cc5
301,Bromethalin,63333-35-7,RO,CN(c1c(Br)cc(Br)cc1Br)c2c(cc(cc2C(F)(F)F)[N+]([O-])=O)[N+]([O-])=O,CN(c1c(Br)cc(Br)cc1Br)c2c(cc(cc2C(F)(F)F)[N+]([O-])=O)[N+]([O-])=O
302,Bromocyclen,1715-40-8,IN,ClC1=C(Cl)C2(Cl)C(CBr)CC1(Cl)C2(Cl)Cl,ClC1=C(Cl)C2(Cl)C(CBr)CC1(Cl)C2(Cl)Cl
303,Bromofenoxim,13181-17-4,HB,[O-][N+](=O)c1ccc(ONC=C2C=C(Br)C(=O)C(=C2)Br)c(c1)[N+]([O-])=O,[O-][N+](=O)c1ccc(ONC=C2C=C(Br)C(=O)C(=C2)Br)c(c1)[N+]([O-])=O
304,Bromophos,2104-96-3,IN,CO[P](=S)(OC)Oc1cc(Cl)c(Br)cc1Cl,CO[P](=S)(OC)Oc1cc(Cl)c(Br)cc1Cl
305,Bromophos-ethyl,4824-78-6,IN,CCO[P](=S)(OCC)Oc1cc(Cl)c(Br)cc1Cl,CCO[P](=S)(OCC)Oc1cc(Cl)c(Br)cc1Cl
306,Bromopropylate,18181-80-1,AC,CC(C)OC(=O)C(O)(c1ccc(Br)cc1)c2ccc(Br)cc2,CC(C)OC(=O)C(O)(c1ccc(Br)cc1)c2ccc(Br)cc2
307,Bromoxynil,1689-84-5,HB,Oc1c(Br)cc(cc1Br)C#N,Oc1c(Br)cc(cc1Br)C#N
309,Bronopol,52-51-7,"BA,FU",OCC(Br)(CO)[N+]([O-])=O,OCC(Br)(CO)[N+]([O-])=O
312,Butachlor,23184-66-9,HB,CCCCOCN(C(=O)CCl)c1c(CC)cccc1CC,CCCCOCN(C(=O)CCl)c1c(CC)cccc1CC
313,Butamifos,36335-67-8,HB,CCO[P](=S)(NC(C)CC)Oc1cc(C)ccc1[N+]([O-])=O,CCO[P](=S)(NC(C)CC)Oc1cc(C)ccc1[N+]([O-])=O
314,Butocarboxim,34681-10-2,IN,CNC(=O)O\N=C(\C)C(C)SC,CNC(=O)O\N=C(\C)C(C)SC
315,Butoxycarboxim,No CAS allocated,"AC,IN",,CNC(=O)O\N=C(/C)C(C)[S](C)(=O)=O
316,Butralin,33629-47-9,"HB,PG",CCC(C)Nc1c(cc(cc1[N+]([O-])=O)C(C)(C)C)[N+]([O-])=O,CCC(C)Nc1c(cc(cc1[N+]([O-])=O)C(C)(C)C)[N+]([O-])=O
317,Butylate,2008-41-5,HB,CCSC(=O)N(CC(C)C)CC(C)C,CCSC(=O)N(CC(C)C)CC(C)C
319,Cadusafos (aka ebufos),95465-99-9,"IN,NE",CCO[P](=O)(SC(C)CC)SC(C)CC,
320,Cafenstrole,125306-83-4,HB,CCN(CC)C(=O)n1cnc(n1)[S](=O)(=O)c2c(C)cc(C)cc2C,CCN(CC)C(=O)n1cnc(n1)[S](=O)(=O)c2c(C)cc(C)cc2C
321,Calciferol,50-14-6,RO,CC(C)[C@@H](C)/C=C/[C@@H](C)[C@H]1CC[C@H]2\C(CCC[C@]12C)=C\C=C3/C[C@@H](O)CCC3=C,CC(C)[C@@H](C)/C=C/[C@@H](C)[C@H]1CC[C@H]2\C(CCC[C@]12C)=C\C=C3\C[C@@H](O)CCC3=C
325,Calcium chloride,10043-52-4,"FU,PG",[Cl-].[Cl-].[Ca++],[Cl-].[Cl-].[Ca++]
328,Calcium phosphate,10103-46-5,RO,[Ca++].[Ca++].[Ca++].[O-][P]([O-])([O-])=O.[O-][P]([O-])([O-])=O,[Ca++].[Ca++].[Ca++].[O-][P]([O-])([O-])=O.[O-][P]([O-])([O-])=O
329,Calcium phosphide,1305-99-3,RO,[P-3].[P-3].[Ca++].[Ca++].[Ca++],[Ca++]|[P-]=[Ca].[P-]=[Ca]
330,Calcium propionate,4075-81-4,FU,[Ca++].CCC([O-])=O.CCC([O-])=O,[Ca++].CCC([O-])=O.CCC([O-])=O
338,Carbaryl,63-25-2,"IN,PG",CNC(=O)Oc1cccc2ccccc12,CNC(=O)Oc1cccc2ccccc12
341,Carbofuran,1563-66-2,"AC,IN,NE",CNC(=O)Oc1cccc2CC(C)(C)Oc12,CNC(=O)Oc1cccc2CC(C)(C)Oc12
344,Carbon disulphide,75-15-0,"IN,NE",S=C=S,S=C=S
345,Carbon monoxide,630-08-0,RO,[C-]#[O+],C=O
347,Carbophenothion,786-19-6,"AC,IN",CCO[P](=S)(OCC)SCSc1ccc(Cl)cc1,CCO[P](=S)(OCC)SCSc1ccc(Cl)cc1
348,Carbosulfan,55285-14-8,"IN,NE",CCCCN(CCCC)SN(C)C(=O)Oc1cccc2CC(C)(C)Oc12,CCCCN(CCCC)SN(C)C(=O)Oc1cccc2CC(C)(C)Oc12
349,Carboxin,5234-68-4,FU,CC1=C(SCCO1)C(=O)Nc2ccccc2,CC1=C(SCCO1)C(=O)Nc2ccccc2
351,Carpropamide,No CAS allocated,FU,,CC[C@]1([C@@H](C)C1(Cl)Cl)C(=O)N[C@H](C)c2ccc(Cl)cc2
352,Cartap,15263-53-3,IN,CN(C)C(CSC(N)=O)CSC(N)=O,CN(C)C(CSC(N)=O)CSC(N)=O
356,Cetrimide,No CAS allocated,HB,,[Br-].CCCCCCCCCCCCCCCC[N+](C)(C)C
358,Chinomethionat (aka quinomethionate),No CAS allocated,"AC,FU",,
361,Chlobenthiazone,No CAS allocated,FU,,CN1C(=O)Sc2cccc(Cl)c12
362,Chlomethoxyfen,32861-85-1,HB,COc1cc(Oc2ccc(Cl)cc2Cl)ccc1[N+]([O-])=O,COc1cc(Oc2ccc(Cl)cc2Cl)ccc1[N+]([O-])=O
364,Chloral-semi-acetal,No CAS allocated,HB,,
365,Chloralose,15879-93-3,RO,OCC(O)[C@H]1OC2O[C@@H](O[C@@H]2[C@H]1O)C(Cl)(Cl)Cl,OC[C@@H](O)[C@H]1OC2O[C@@H](O[C@@H]2[C@H]1O)C(Cl)(Cl)Cl
366,Chloramben,133-90-4,HB,Nc1cc(Cl)cc(C(O)=O)c1Cl,Nc1cc(Cl)cc(C(O)=O)c1Cl
368,"Chlorates (incl. Mg, Na, K chlorates)",No unique CAS,HB,,
370,Chlorbromuron,13360-45-7,HB,CON(C)C(=O)Nc1ccc(Br)c(Cl)c1,CON(C)C(=O)Nc1ccc(Br)c(Cl)c1
371,Chlorbufam,1967-16-4,HB,CC(OC(=O)Nc1cccc(Cl)c1)C#C,CC(OC(=O)Nc1cccc(Cl)c1)C#C
375,Chlorethoxyfos,54593-83-8,IN,CCO[P](=S)(OCC)OC(Cl)C(Cl)(Cl)Cl,CCO[P](=S)(OCC)OC(Cl)C(Cl)(Cl)Cl
376,Chlorfenapyr,122453-73-0,"AC,IN",CCOCn1c(c2ccc(Cl)cc2)c(C#N)c(Br)c1C(F)(F)F,CCOCn1c(c2ccc(Cl)cc2)c(C#N)c(Br)c1C(F)(F)F
377,Chlorfenprop,No CAS allocated,HB,,
378,Chlorfenson (aka chlorfenizon),80-33-1,"AC,IN",Clc1ccc(O[S](=O)(=O)c2ccc(Cl)cc2)cc1,
379,Chlorfenvinphos,470-90-6,IN,CCO[P](=O)(OCC)OC(=C\Cl)/c1ccc(Cl)cc1Cl,CCO[P](=O)(OCC)OC(=C\Cl)/c1ccc(Cl)cc1Cl
380,Chlorfluazuron,71422-67-8,IN,Fc1cccc(F)c1C(=O)NC(=O)Nc2cc(Cl)c(Oc3ncc(cc3Cl)C(F)(F)F)c(Cl)c2,Fc1cccc(F)c1C(=O)NC(=O)Nc2cc(Cl)c(Oc3ncc(cc3Cl)C(F)(F)F)c(Cl)c2
382,Chlorhydrate of poly(iminino imido biguanidine),No CAS allocated,"BA,FU",,
383,Chloridazon (aka pyrazone),1698-60-8,HB,NC1=C(Cl)C(=O)N(N=C1)c2ccccc2,
384,Chlorimuron,No CAS allocated,HB,,
385,Chlorine dioxide,10049-04-4,FU,[O-][Cl]=O,O=[Cl]=O
386,Chlormephos,24934-91-6,IN,CCO[P](=S)(OCC)SCCl,CCO[P](=S)(OCC)SCCl
388,Chlorobenzilate,510-15-6,AC,CCOC(=O)C(O)(c1ccc(Cl)cc1)c2ccc(Cl)cc2,CCOC(=O)C(O)(c1ccc(Cl)cc1)c2ccc(Cl)cc2
389,Chloroneb,2675-77-6,FU,COc1cc(Cl)c(OC)cc1Cl,COc1cc(Cl)c(OC)cc1Cl
390,Chlorophacinone,3691-35-8,RO,Clc1ccc(cc1)C(C(=O)C2C(=O)c3ccccc3C2=O)c4ccccc4,Clc1ccc(cc1)C(C(=O)C2C(=O)c3ccccc3C2=O)c4ccccc4
391,Chlorophylline,No CAS allocated,"BA,FU",,
392,Chloropicrin,76-06-2,NE,[O-][N+](=O)C(Cl)(Cl)Cl,[O-][N+](=O)C(Cl)(Cl)Cl
393,Chloropropylate,10/2/5836,AC,,CC(C)OC(=O)C(O)(c1ccc(Cl)cc1)c2ccc(Cl)cc2
394,Chlorothalonil,1897-45-6,FU,Clc1c(Cl)c(C#N)c(Cl)c(C#N)c1Cl,Clc1c(Cl)c(C#N)c(Cl)c(C#N)c1Cl
396,Chloroxuron,1982-47-4,HB,CN(C)C(=O)Nc1ccc(Oc2ccc(Cl)cc2)cc1,CN(C)C(=O)Nc1ccc(Oc2ccc(Cl)cc2)cc1
398,Chlorpropham,101-21-3,"HB,PG",CC(C)OC(=O)Nc1cccc(Cl)c1,CC(C)OC(=O)Nc1cccc(Cl)c1
399,Chlorpyrifos,2921-88-2,"AC,IN",CCO[P](=S)(OCC)Oc1nc(Cl)c(Cl)cc1Cl,CCO[P](=S)(OCC)Oc1nc(Cl)c(Cl)cc1Cl
400,Chlorpyrifos-methyl,5598-13-0,"AC,IN",CO[P](=S)(OC)Oc1nc(Cl)c(Cl)cc1Cl,CO[P](=S)(OC)Oc1nc(Cl)c(Cl)cc1Cl
401,Chlorsulfuron,64902-72-3,HB,COc1nc(C)nc(NC(=O)N[S](=O)(=O)c2ccccc2Cl)n1,COc1nc(C)nc(NC(=O)N[S](=O)(=O)c2ccccc2Cl)n1
402,Chlorthal-dimethyl,1861-32-1,HB,COC(=O)c1c(Cl)c(Cl)c(c(Cl)c1Cl)C(=O)OC,COC(=O)c1c(Cl)c(Cl)c(c(Cl)c1Cl)C(=O)OC
403,Chlorthiamid,1918-13-4,HB,NC(=S)c1c(Cl)cccc1Cl,NC(=S)c1c(Cl)cccc1Cl
404,Chlorthiophos,21923-23-9,IN,CCO[P](=S)(OCC)Oc1cc(Cl)c(SC)cc1Cl,CCO[P](=S)(OCC)Oc1cc(Cl)c(SC)cc1Cl
405,Chlozolinate,84332-86-5,FU,CCOC(=O)C1(C)OC(=O)N(C1=O)c2cc(Cl)cc(Cl)c2,CCOC(=O)C1(C)OC(=O)N(C1=O)c2cc(Cl)cc(Cl)c2
406,Cholecalciferol,67-97-0,RO,CC(C)CCC[C@@H](C)[C@H]1CC[C@H]2\C(CCC[C@]12C)=C\C=C3/C[C@@H](O)CCC3=C,CC(C)CCC[C@@H](C)[C@H]1CC[C@H]2\C(CCC[C@]12C)=C\C=C3/C[C@@H](O)CCC3=C
407,Choline Hydrogen Phosphonate,No CAS allocated,FU,,C[N+](C)(C)CCO[PH](O)=O
408,Choline chloride,67-48-1,RO,[Cl-].C[N+](C)(C)CCO,[Cl-].C[N+](C)(C)CCO
411,Cinidon ethyl,142891-20-1,HB,,
412,Cinmethylin,87818-31-3,HB,CC(C)C12CCC(C)(O1)C(C2)OCc3ccccc3C,CC(C)C12CCC(C)(O1)C(C2)OCc3ccccc3C
413,Cinosulfuron,94593-91-6,HB,COCCOc1ccccc1[S](=O)(=O)NC(=O)Nc2nc(OC)nc(OC)n2,COCCOc1ccccc1[S](=O)(=O)NC(=O)Nc2nc(OC)nc(OC)n2
421,Clofentezine,74115-24-5,AC,Clc1ccccc1c2nnc(nn2)c3ccccc3Cl,Clc1ccccc1c2nnc(nn2)c3ccccc3Cl
423,Clomeprop,84496-56-0,HB,CC(Oc1ccc(Cl)c(C)c1Cl)C(=O)Nc2ccccc2,CC(Oc1ccc(Cl)c(C)c1Cl)C(=O)Nc2ccccc2
426,Clothianidin,210880-92-5,IN,CN=C(NCc1sc(Cl)nc1)N[N+]([O-])=O,CN=C(NCc1sc(Cl)nc1)N[N+]([O-])=O
436,Coumachlor,81-82-3,RO,CC(=O)CC(c1ccc(Cl)cc1)C2=C(O)Oc3ccccc3C2=O,CC(=O)CC(c1ccc(Cl)cc1)C2=C(O)Oc3ccccc3C2=O
437,Coumafuryl,117-52-2,RO,[Na+].CC(=O)CC([C-]1C(=O)Oc2ccccc2C1=O)c3occc3,CC(=O)CC(c1occc1)C2=C(O)Oc3ccccc3C2=O
438,Coumaphos,56-72-4,IN,CCO[P](=S)(OCC)Oc1ccc2C(=C(Cl)C(=O)Oc2c1)C,CCO[P](=S)(OCC)Oc1ccc2C(=C(Cl)C(=O)Oc2c1)C
439,Coumatetralyl,5836-29-3,RO,OC1=C(C2CCCc3ccccc23)C(=O)c4ccccc4O1,OC1=C(C2CCCc3ccccc23)C(=O)c4ccccc4O1
441,Cresylic acid,No CAS allocated,"FU,ST",,Cc1ccccc1O
442,Crimidine,535-89-7,RO,CN(C)c1cc(C)nc(Cl)n1,CN(C)c1cc(C)nc(Cl)n1
443,Cryolite,1331-71-1,IN,[F-].[F-].[F-].[F-].[Na+].[Al+3],
444,Cryptophlebia peltastica nucleopolyhedrovirus strain SouthAfrica,No CAS allocated,IN,,
445,Cufraneb,No CAS allocated,FU,,
447,Cyanamide (H & Ca cyanamide),420-04-2,"HB,PG",NC#N,
448,Cyanazine,21725-46-2,HB,CCNc1nc(Cl)nc(NC(C)(C)C#N)n1,CCNc1nc(Cl)nc(NC(C)(C)C#N)n1
449,"Cyanides: calcium, hydrogen, sodium",No unique CAS,"IN,RO",,
454,Cycloate,1134-23-2,HB,CCSC(=O)N(CC)C1CCCCC1,CCSC(=O)N(CC)C1CCCCC1
456,Cycluron,2163-69-1,HB,CN(C)C(=O)NC1CCCCCCC1,CN(C)C(=O)NC1CCCCCCC1
458,Cyenopyrafen,560121-52-0,IN,,
460,Cyflumetofen,400882-07-7,AC,,
461,Cyfluthrin,68359-37-5,"AC,IN",CC1(C)C(C=C(Cl)Cl)C1C(=O)OC(C#N)c2ccc(F)c(Oc3ccccc3)c2,CC1(C)C(C=C(Cl)Cl)C1C(=O)OC(C#N)c2ccc(F)c(Oc3ccccc3)c2
463,Cyhalothrin,91465-08-6,IN,CC1(C)[C@@H](\C=C(/Cl)C(F)(F)F)[C@H]1C(=O)OC(C#N)c2cccc(Oc3ccccc3)c2,CC1(C)C(\C=C(/Cl)C(F)(F)F)C1C(=O)OC(C#N)c2cccc(Oc3ccccc3)c2
464,Cyhexatin,13121-70-5,AC,O|[Sn](C1CCCCC1)(C2CCCCC2)C3CCCCC3,O|[Sn](C1CCCCC1)(C2CCCCC2)C3CCCCC3
467,Cyproconazole,94361-06-5,FU,CC(C1CC1)C(O)(Cn2cncn2)c3ccc(Cl)cc3,CC(C1CC1)C(O)(Cn2cncn2)c3ccc(Cl)cc3
469,Cyprofuram,69581-33-5,FU,Clc1cccc(c1)N(C2CCOC2=O)C(=O)C3CC3,Clc1cccc(c1)N(C2CCOC2=O)C(=O)C3CC3
470,Cyromazine,66215-27-8,IN,Nc1nc(N)nc(NC2CC2)n1,Nc1nc(N)nc(NC2CC2)n1
471,D-tagatose,87-81-0,FU,OCC1(O)OC[C@@H](O)[C@H](O)[C@@H]1O,OC[C@@H](O)[C@H](O)[C@H](O)C(=O)CO
474,DNOC,534-52-1,"AC,FU,HB,IN",Cc1cc(cc(c1O)[N+]([O-])=O)[N+]([O-])=O,Cc1cc(cc(c1O)[N+]([O-])=O)[N+]([O-])=O
475,Dalapon,75-99-0,HB,CC(Cl)(Cl)C(O)=O,CC(Cl)(Cl)C(O)=O
479,Demeton-S-methyl,919-86-8,"AC,IN",CCSCCS[P](=O)(OC)OC,CCSCCS[P](=O)(OC)OC
480,Demeton-S-methyl sulphone,17040-19-6,IN,CC[S](=O)(=O)CCS[P](=O)(OC)OC,
482,Desmedipham,13684-56-5,HB,CCOC(=O)Nc1cccc(OC(=O)Nc2ccccc2)c1,CCOC(=O)Nc1cccc(OC(=O)Nc2ccccc2)c1
483,Desmetryn,1014-69-3,HB,CNc1nc(NC(C)C)nc(SC)n1,CNc1nc(NC(C)C)nc(SC)n1
485,Di-allate,2303-16-4,HB,CC(C)N(C(C)C)C(=O)SC\C(Cl)=C\Cl,CC(C)N(C(C)C)C(=O)SC\C(Cl)=C\Cl
486,Diafenthiuron,80060-09-9,"AC,IN",CC(C)c1cc(Oc2ccccc2)cc(C(C)C)c1NC(=S)NC(C)(C)C,CC(C)c1cc(Oc2ccccc2)cc(C(C)C)c1NC(=S)NC(C)(C)C
487,Dialifos,10311-84-9,"AC,IN",CCO[P](=S)(OCC)SC(CCl)N1C(=O)c2ccccc2C1=O,CCO[P](=S)(OCC)SC(CCl)N1C(=O)c2ccccc2C1=O
489,Diazinon,333-41-5,"AC,IN",CCO[P](=S)(OCC)Oc1cc(C)nc(n1)C(C)C,CCO[P](=S)(OCC)Oc1cc(C)nc(n1)C(C)C
490,Dicamba,1918-00-9,HB,COc1c(Cl)ccc(Cl)c1C(O)=O,COc1c(Cl)ccc(Cl)c1C(O)=O
491,Dichlobenil,1194-65-6,HB,Clc1cccc(Cl)c1C#N,Clc1cccc(Cl)c1C#N
492,Dichlofenthion,97-17-6,IN,CCO[P](=S)(OCC)Oc1ccc(Cl)cc1Cl,CCO[P](=S)(OCC)Oc1ccc(Cl)cc1Cl
493,Dichlofluanid,1085-98-9,FU,CN(C)[S](=O)(=O)N(SC(F)(Cl)Cl)c1ccccc1,CN(C)[S](=O)(=O)N(SC(F)(Cl)Cl)c1ccccc1
494,Dichlone,117-80-6,FU,ClC1=C(Cl)C(=O)c2ccccc2C1=O,ClC1=C(Cl)C(=O)c2ccccc2C1=O
495,Dichlorophen,97-23-4,"FU,HB",Oc1ccc(Cl)cc1Cc2cc(Cl)ccc2O,Oc1ccc(Cl)cc1Cc2cc(Cl)ccc2O
496,Dichlorprop,120-36-5,HB,CC(Oc1ccc(Cl)cc1Cl)C(O)=O,CC(Oc1ccc(Cl)cc1Cl)C(O)=O
498,Dichlorvos,62-73-7,"AC,IN",CO[P](=O)(OC)OC=C(Cl)Cl,CO[P](=O)(OC)OC=C(Cl)Cl
499,Diclobutrazol,66345-62-8,FU,CC(C)(C)C(O)C(Cc1ccc(Cl)cc1Cl)n2cncn2,CC(C)(C)C(O)C(Cc1ccc(Cl)cc1Cl)n2cncn2
501,Dicloran,99-30-9,FU,Nc1c(Cl)cc(cc1Cl)[N+]([O-])=O,Nc1c(Cl)cc(cc1Cl)[N+]([O-])=O
502,Dicofol,115-32-2,AC,OC(c1ccc(Cl)cc1)(c2ccc(Cl)cc2)C(Cl)(Cl)Cl,OC(c1ccc(Cl)cc1)(c2ccc(Cl)cc2)C(Cl)(Cl)Cl
504,Dicrotophos,3735-78-2,"AC,IN",CO[P](=O)(OC)OC(/C)=C/C(=O)N(C)C,CO[P](=O)(OC)OC(/C)=C/C(=O)N(C)C
506,Didecyldimethylammonium chloride (DDAC),7173-51-5,FU,[Cl-].CCCCCCCCCC[N+](C)(C)CCCCCCCCCC,
508,Dienochlor,2227-17-0,AC,ClC1=C(Cl)C(Cl)(C(=C1Cl)Cl)C2(Cl)C(=C(Cl)C(=C2Cl)Cl)Cl,ClC1=C(Cl)C(Cl)(C(=C1Cl)Cl)C2(Cl)C(=C(Cl)C(=C2Cl)Cl)Cl
509,Diethatyl  (-ethyl),38727-55-8,HB,CCOC(=O)CN(C(=O)CCl)c1c(CC)cccc1CC,
510,Diethofencarb,87130-20-9,FU,CCOc1ccc(NC(=O)OC(C)C)cc1OCC,CCOc1ccc(NC(=O)OC(C)C)cc1OCC
511,Difenacoum,56073-07-5,RO,OC1=C(C2CC(Cc3ccccc23)c4ccc(cc4)c5ccccc5)C(=O)c6ccccc6O1,OC1=C(C2CC(Cc3ccccc23)c4ccc(cc4)c5ccccc5)C(=O)c6ccccc6O1
513,Difenoxuron,14214-32-5,HB,COc1ccc(Oc2ccc(NC(=O)N(C)C)cc2)cc1,COc1ccc(Oc2ccc(NC(=O)N(C)C)cc2)cc1
514,Difenzoquat,49866-87-7,HB,Cn1c(cc(c2ccccc2)[n+]1C)c3ccccc3,CO[S]([O-])(=O)=O.Cn1c(cc(c2ccccc2)[n+]1C)c3ccccc3
515,Difethialone,104653-34-1,RO,OC1=C(C2CC(Cc3ccccc23)c4ccc(cc4)c5ccc(Br)cc5)C(=O)c6ccccc6S1,OC1=C(C2CC(Cc3ccccc23)c4ccc(cc4)c5ccc(Br)cc5)C(=O)c6ccccc6S1
516,Diflubenzuron,35367-38-5,IN,Fc1cccc(F)c1C(=O)NC(=O)Nc2ccc(Cl)cc2,Fc1cccc(F)c1C(=O)NC(=O)Nc2ccc(Cl)cc2
518,Diflufenzopyr,109293-97-2,HB,C\C(=N/NC(=O)Nc1cc(F)cc(F)c1)c2ncccc2C(O)=O,C\C(=N/NC(=O)Nc1cc(F)cc(F)c1)c2ncccc2C(O)=O
520,Dimefox,115-26-4,IN,CN(C)[P](F)(=O)N(C)C,CN(C)[P](F)(=O)N(C)C
521,Dimefuron,34205-21-5,HB,CN(C)C(=O)Nc1ccc(N2N=C(OC2=O)C(C)(C)C)c(Cl)c1,CN(C)C(=O)Nc1ccc(N2N=C(OC2=O)C(C)(C)C)c(Cl)c1
522,Dimepiperate,61432-55-1,HB,CC(C)(SC(=O)N1CCCCC1)c2ccccc2,CC(C)(SC(=O)N1CCCCC1)c2ccccc2
524,Dimethenamid,87674-68-8,HB,COCC(C)N(C(=O)CCl)c1c(C)scc1C,COCC(C)N(C(=O)CCl)c1c(C)scc1C
526,Dimethipin,55290-64-7,"HB,PG",CC1=C(C)[S](=O)(=O)CC[S]1(=O)=O,CC1=C(C)[S](=O)(=O)CC[S]1(=O)=O
527,Dimethirimol,5221-53-4,FU,CCCCC1=C(C)NC(=NC1=O)N(C)C,CCCCC1=C(C)NC(=NC1=O)N(C)C
528,Dimethoate,60-51-5,"AC,IN",CNC(=O)CS[P](=S)(OC)OC,CNC(=O)CS[P](=S)(OC)OC
531,Dimethyl disulphide,624-92-0,"FU,NE",CSSC,CSSC
533,Dimexano,1468-37-7,HB,COC(=S)SSC(=S)OC,COC(=S)SSC(=S)OC
534,Dimoxystrobin,149961-52-4,FU,,CNC(=O)C(=N/OC)\c1ccccc1COc2cc(C)ccc2C
535,Dimpropyridaz,1403615-77-9,IN,,
536,Diniconazole-M,83657-18-5,FU,CC(C)(C)[C@@H](O)\C(=C/c1ccc(Cl)cc1Cl)n2cncn2,
537,Dinitramine,29091-05-2,HB,CCN(CC)c1c(cc(c(N)c1[N+]([O-])=O)C(F)(F)F)[N+]([O-])=O,CCN(CC)c1c(cc(c(N)c1[N+]([O-])=O)C(F)(F)F)[N+]([O-])=O
538,Dinobuton,973-21-7,"AC,FU",CCC(C)c1cc(cc(c1OC(=O)OC(C)C)[N+]([O-])=O)[N+]([O-])=O,CCC(C)c1cc(cc(c1OC(=O)OC(C)C)[N+]([O-])=O)[N+]([O-])=O
539,Dinocap,No CAS allocated,"AC,FU",,C/C=C/C(=O)Oc1c(cc(cc1C(C)(C)CC(C)(C)C)[N+]([O-])=O)[N+]([O-])=O
541,Dinotefuran,165252-70-0,IN,CN=C(NCC1CCOC1)N[N+]([O-])=O,CN=C(NCC1CCOC1)N[N+]([O-])=O
542,Dinoterb,1420-07-1,HB,CC(C)(C)c1cc(cc(c1O)[N+]([O-])=O)[N+]([O-])=O,CC(C)(C)c1cc(cc(c1O)[N+]([O-])=O)[N+]([O-])=O
543,Dioctyldimethyl ammonium chloride,5538-94-3,"BA,FU",[Cl-].CCCCCCCC[N+](C)(C)CCCCCCCC,[Cl-].CCCCCCCC[N+](C)(C)CCCCCCCC
544,Dioxacarb,6988-21-2,IN,CNC(=O)Oc1ccccc1C2OCCO2,CNC(=O)Oc1ccccc1C2OCCO2
545,Dioxathion,78-34-2,IN,CCO[P](=S)(OCC)SC1OCCOC1S[P](=S)(OCC)OCC,CCO[P](=S)(OCC)SC1OCCOC1S[P](=S)(OCC)OCC
546,Diphacinone,82-66-6,RO,[Na+].O=C(C(c1ccccc1)c2ccccc2)C3C(=O)c4ccccc4C3=O,O=C(C(c1ccccc1)c2ccccc2)C3C(=O)c4ccccc4C3=O
547,Diphenamid (aka difenamide),957-51-7,HB,CN(C)C(=O)C(c1ccccc1)c2ccccc2,
549,Diquat,85-00-7,"DE,HB",[Br-].[Br-].C1C[n+]2ccccc2c3cccc[n+]13,[Br-].[Br-].C1C[n+]2ccccc2c3cccc[n+]13
550,Disodium octaborate tetrahydrate,12280-03-4,HB,O.O.O.O.[Na+].[Na+].[O-]B([O-])[O-].[O-]B([O-])[O-].[O-]B([O-])[O-].[O-]B([O-])[O-].[O-]B([O-])[O-].[O-]B([O-])[O-].[O-]B([O-])[O-].[O-]B([O-])[O-],O.O.O.O.[Na+].[Na+].OB(O)O.OB(O)O.OB(O)O.OB(O)O.OB(O)O.OB(O)O.OB(O)O.OB([O-])[O-]
552,Disulfoton,298-04-4,IN,CCO[P](=S)(OCC)SCCSCC,CCO[P](=S)(OCC)SCCSCC
553,Ditalimfos,5131-24-8,FU,CCO[P](=S)(OCC)N1C(=O)c2ccccc2C1=O,CCO[P](=S)(OCC)N1C(=O)c2ccccc2C1=O
555,Dithiopyr,97886-45-8,HB,CSC(=O)c1c(CC(C)C)c(C(=O)SC)c(nc1C(F)F)C(F)(F)F,CSC(=O)c1c(CC(C)C)c(C(=O)SC)c(nc1C(F)F)C(F)(F)F
556,Diuron,330-54-1,HB,CN(C)C(=O)Nc1ccc(Cl)c(Cl)c1,CN(C)C(=O)Nc1ccc(Cl)c(Cl)c1
561,Drazoxolon,5707-69-7,FU,CC\1=NOC(=O)C1=N\Nc2ccccc2Cl,CC\1=NOC(=O)C1=N\Nc2ccccc2Cl
563,EDTA and its salts,60-00-4,HB,OC(=O)CN(CCN(CC(O)=O)CC(O)=O)CC(O)=O,
564,EPN,2104-64-5,"AC,IN",CCO[P](=S)(Oc1ccc(cc1)[N+]([O-])=O)c2ccccc2,CCO[P](=S)(Oc1ccc(cc1)[N+]([O-])=O)c2ccccc2
565,EPTC (S-dipropylthiocarbamate),759-94-4,HB,CCCN(CCC)C(=O)SCC,
567,Eggshell powder,No CAS allocated,"DE,FU",,
568,Elemental Iron,7439-89-6,MO,[Fe],
569,Emamectin,119791-41-2,IN,CC[C@H](C)[C@H]1O[C@@]2(C[C@@H]3C[C@@H](C\C=C(C)\[C@@H](O[C@H]4C[C@H](CC)[C@@H](O[C@H]5C[C@H](OC)[C@@H](O)[C@H](C)O5)[C@H](C)O4)[C@@H](C)/C=C/C=C/6CO[C@@H]7[C@H](O)C(=C[C@@H](C(=O)O3)[C@]67O)C)O2)C=C[C@@H]1C.CC[C@H]8C[C@@H](O[C@@H](C)[C@@H]8O[C@H]9C[C@H](OC)[C@@H](O)[C@H](C)O9)O[C@H]/%10[C@@H](C)/C=C/C=C/%11CO[C@@H]%12[C@H](O)C(=C[C@@H](C(=O)O[C@H]%13C[C@@H](C\C=C%10C)O[C@@]%14(C%13)O[C@H](C(C)C)[C@@H](C)C=C%14)[C@]%11%12O)C,
570,Endosulfan,115-29-7,"AC,IN",ClC1=C(Cl)C2(Cl)C3CO[S](=O)OCC3C1(Cl)C2(Cl)Cl,ClC1=C(Cl)C2(Cl)C3CO[S](=O)OCC3C1(Cl)C2(Cl)Cl
571,Endothal,145-73-3,HB,[Na+].[Na+].[O-]C(=O)C1C2CCC(O2)C1C([O-])=O,OC(=O)C1C2CCC(O2)C1C(O)=O
573,Epoxiconazole,133855-98-8,FU,Fc1ccc(cc1)[C@@]2(Cn3cncn3)O[C@H]2c4ccccc4Cl,Fc1ccc(cc1)[C@@]2(Cn3cncn3)O[C@H]2c4ccccc4Cl
575,Esfenvalerate,66230-04-4,IN,CC(C)[C@@H](C(=O)O[C@@H](C#N)c1cccc(Oc2ccccc2)c1)c3ccc(Cl)cc3,CC(C)[C@@H](C(=O)O[C@@H](C#N)c1cccc(Oc2ccccc2)c1)c3ccc(Cl)cc3
576,Esprocarb,85785-20-2,HB,CCN(C(C)C(C)C)C(=O)SCc1ccccc1,CCN(C(C)C(C)C)C(=O)SCc1ccccc1
578,Etaconazole,60207-93-4,FU,CCC1COC(Cn2cncn2)(O1)c3ccc(Cl)cc3Cl,CCC1COC(Cn2cncn2)(O1)c3ccc(Cl)cc3Cl
579,Ethaboxam,162650-77-3,FU,,
580,Ethalfluralin,55283-68-6,HB,CCN(CC(C)=C)c1c(cc(cc1[N+]([O-])=O)C(F)(F)F)[N+]([O-])=O,CCN(CC(C)=C)c1c(cc(cc1[N+]([O-])=O)C(F)(F)F)[N+]([O-])=O
581,Ethametsulfuron-methyl,97780-06-8,HB,CCOc1nc(NC)nc(NC(=O)N[S](=O)(=O)c2ccccc2C(=O)OC)n1,CCOc1nc(NC)nc(NC(=O)N[S](=O)(=O)c2ccccc2C(=O)OC)n1
584,Ethanethiol,75-08-1,RO,CCS,CCS
587,Ethidimuron (aka sulfodiazol ),30043-49-3,HB,CC[S](=O)(=O)c1sc(nn1)N(C)C(=O)NC,
588,Ethiofencarb,29973-13-5,IN,CCSCc1ccccc1OC(=O)NC,CCSCc1ccccc1OC(=O)NC
589,Ethion (aka diethion),563-12-2,"AC,IN",CCO[P](=S)(OCC)SCS[P](=S)(OCC)OCC,
591,Ethirimol,23947-60-6,FU,CCCCC1=C(C)NC(=NC1=O)NCC,CCCCC1=C(C)NC(=NC1=O)NCC
592,Ethoate-methyl,116-01-8,IN,CCNC(=O)CS[P](=S)(OC)OC,CCNC(=O)CS[P](=S)(OC)OC
594,Ethoprophos,13194-48-4,"IN,NE",CCCS[P](=O)(OCC)SCCC,CCCS[P](=O)(OCC)SCCC
596,Ethoxysulfuron,126801-58-9,HB,,CCOc1ccccc1O[S](=O)(=O)NC(=O)Nc2nc(OC)cc(OC)n2
599,Ethyl formate,109-94-4,IN,CCOC=O,CCOC=O
602,Ethylhexanoate,123-66-0,"BA,FU",CCCCCC(=O)OCC,CCCCCC(=O)OCC
605,Etridiazole,2593-15-9,FU,CCOc1snc(n1)C(Cl)(Cl)Cl,CCOc1snc(n1)C(Cl)(Cl)Cl
606,Etrimfos,38260-54-7,"AC,IN",CCOc1cc(O[P](=S)(OC)OC)nc(CC)n1,CCOc1cc(O[P](=S)(OC)OC)nc(CC)n1
611,FEN 560 (Fenugreek seed powder),No CAS allocated,IN,,
612,Famoxadone,131807-57-3,FU,CC1(OC(=O)N(Nc2ccccc2)C1=O)c3ccc(Oc4ccccc4)cc3,CC1(OC(=O)N(Nc2ccccc2)C1=O)c3ccc(Oc4ccccc4)cc3
619,Fatty acids: potassium salt - tall oil fatty acid,No CAS allocated,"HB,IN",,
621,Fenamidone,161326-34-7,FU,CSC1=N[C@](C)(C(=O)N1Nc2ccccc2)c3ccccc3,CSC1=N[C@](C)(C(=O)N1Nc2ccccc2)c3ccccc3
622,Fenaminosulf,140-56-7,FU,[Na+].CN(C)c1ccc(cc1)N=N[S]([O-])(=O)=O,[Na+].CN(C)c1ccc(cc1)N=N[S]([O-])(=O)=O
623,Fenamiphos (aka phenamiphos),22224-92-6,NE,CCO[P](=O)(NC(C)C)Oc1ccc(SC)c(C)c1,
624,Fenarimol,60168-88-9,FU,OC(c1ccc(Cl)cc1)(c2cncnc2)c3ccccc3Cl,OC(c1ccc(Cl)cc1)(c2cncnc2)c3ccccc3Cl
625,Fenazaflor,14255-88-0,AC,FC(F)(F)c1nc2cc(Cl)c(Cl)cc2n1C(=O)Oc3ccccc3,FC(F)(F)c1nc2cc(Cl)c(Cl)cc2n1C(=O)Oc3ccccc3
626,Fenazaquin,120928-09-8,AC,CC(C)(C)c1ccc(CCOc2ncnc3ccccc23)cc1,CC(C)(C)c1ccc(CCOc2ncnc3ccccc23)cc1
627,Fenbuconazole,114369-43-6,FU,Clc1ccc(CCC(Cn2cncn2)(C#N)c3ccccc3)cc1,Clc1ccc(CCC(Cn2cncn2)(C#N)c3ccccc3)cc1
628,Fenbutatin oxide,13356-08-6,AC,O(|[Sn](CC(C)(C)c1ccccc1)(CC(C)(C)c2ccccc2)CC(C)(C)c3ccccc3)|[Sn](CC(C)(C)c4ccccc4)(CC(C)(C)c5ccccc5)CC(C)(C)c6ccccc6,O(|[Sn](CC(C)(C)c1ccccc1)(CC(C)(C)c2ccccc2)CC(C)(C)c3ccccc3)|[Sn](CC(C)(C)c4ccccc4)(CC(C)(C)c5ccccc5)CC(C)(C)c6ccccc6
629,Fenchlorphos,299-84-3,IN,CO[P](=S)(OC)Oc1cc(Cl)c(Cl)cc1Cl,CO[P](=S)(OC)Oc1cc(Cl)c(Cl)cc1Cl
630,Fenfuram,24691-80-3,FU,Cc1occc1C(=O)Nc2ccccc2,Cc1occc1C(=O)Nc2ccccc2
632,Fenitrothion,122-14-5,"AC,IN",CO[P](=S)(OC)Oc1ccc(c(C)c1)[N+]([O-])=O,CO[P](=S)(OC)Oc1ccc(c(C)c1)[N+]([O-])=O
634,Fenoprop,93-72-1,"HB,PG",CC(Oc1cc(Cl)c(Cl)cc1Cl)C(O)=O,CC(Oc1cc(Cl)c(Cl)cc1Cl)C(O)=O
635,Fenothiocarb,62850-32-2,"AC,IN",CN(C)C(=O)SCCCCOc1ccccc1,CN(C)C(=O)SCCCCOc1ccccc1
636,Fenoxaprop,95617-09-7,HB,CC(Oc1ccc(Oc2oc3cc(Cl)ccc3n2)cc1)C(O)=O,CC(Oc1ccc(Oc2oc3cc(Cl)ccc3n2)cc1)C(O)=O
638,Fenoxycarb,72490-01-8,IN,CCOC(=O)NCCOc1ccc(Oc2ccccc2)cc1,CCOC(=O)NCCOc1ccc(Oc2ccccc2)cc1
639,Fenpiclonil,74738-17-3,FU,Clc1cccc(c1Cl)c2c[nH]cc2C#N,Clc1cccc(c1Cl)c2c[nH]cc2C#N
641,Fenpropathrin,39515-41-8,"AC,IN",CC1(C)C(C(=O)OC(C#N)c2cccc(Oc3ccccc3)c2)C1(C)C,CC1(C)C(C(=O)OC(C#N)c2cccc(Oc3ccccc3)c2)C1(C)C
642,Fenpropidin,67306-00-7,FU,CC(CN1CCCCC1)Cc2ccc(cc2)C(C)(C)C,CC(CN1CCCCC1)Cc2ccc(cc2)C(C)(C)C
643,Fenpropimorph,67306-03-0,FU,CC(CN1CC(C)OC(C)C1)Cc2ccc(cc2)C(C)(C)C,CC(CN1CC(C)OC(C)C1)Cc2ccc(cc2)C(C)(C)C
644,Fenpyrazamine,473798-59-3,FU,,
645,Fenpyroximate,134098-61-6,AC,Cn1nc(C)c(\C=N\OCc2ccc(cc2)C(=O)OC(C)(C)C)c1Oc3ccccc3,Cn1nc(C)c(\C=N\OCc2ccc(cc2)C(=O)OC(C)(C)C)c1Oc3ccccc3
646,Fenquinotrione,1342891-70-6,HB,,
648,Fenson (aka fenizon),80-38-6,AC,Clc1ccc(O[S](=O)(=O)c2ccccc2)cc1,
650,Fenthion,55-38-9,IN,CO[P](=S)(OC)Oc1ccc(SC)c(C)c1,CO[P](=S)(OC)Oc1ccc(SC)c(C)c1
651,Fenthiosulf,No CAS allocated,IN,,
652,Fentin acetate,900-95-8,"FU,HB",CC([O]|[Sn](c1ccccc1)(c2ccccc2)c3ccccc3)=O,CC([O]|[Sn](c1ccccc1)(c2ccccc2)c3ccccc3)=O
653,Fentin hydroxide,76-87-9,"FU,HB",O|[Sn](c1ccccc1)(c2ccccc2)c3ccccc3,O|[Sn](c1ccccc1)(c2ccccc2)c3ccccc3
654,Fentrazamide,158237-07-1,HB,CCN(C1CCCCC1)C(=O)N2N=NN(C2=O)c3ccccc3Cl,CCN(C1CCCCC1)C(=O)N2N=NN(C2=O)c3ccccc3Cl
655,Fenuron,101-42-8,HB,CN(C)C(=O)Nc1ccccc1,CN(C)C(=O)Nc1ccccc1
656,Fenvalerate,51630-58-1,"AC,IN",CC(C)C(C(=O)OC(C#N)c1cccc(Oc2ccccc2)c1)c3ccc(Cl)cc3,CC(C)C(C(=O)OC(C#N)c1cccc(Oc2ccccc2)c1)c3ccc(Cl)cc3
657,Ferbam,14484-64-1,FU,[Fe+3].CN(C)C([S-])=S.CN(C)C([S-])=S.CN(C)C([S-])=S,[Fe+3].CN(C)C([S-])=S.CN(C)C([S-])=S.CN(C)C([S-])=S
660,Fipronil,120068-37-3,IN,Nc1n(nc(C#N)c1[S](=O)C(F)(F)F)c2c(Cl)cc(cc2Cl)C(F)(F)F,Nc1n(nc(C#N)c1[S](=O)C(F)(F)F)c2c(Cl)cc(cc2Cl)C(F)(F)F
661,Flamprop,58667-63-3,HB,CC(N(c1ccc(F)c(Cl)c1)C(=O)c2ccccc2)C(O)=O,CC(N(c1ccc(F)c(Cl)c1)C(=O)c2ccccc2)C(O)=O
662,Flamprop-M,90134-59-1,HB,C[C@@H](N(c1ccc(F)c(Cl)c1)C(=O)c2ccccc2)C(O)=O,
663,Flazasulfuron,104040-78-0,HB,COc1cc(OC)nc(NC(=O)N[S](=O)(=O)c2ncccc2C(F)(F)F)n1,COc1cc(OC)nc(NC(=O)N[S](=O)(=O)c2ncccc2C(F)(F)F)n1
664,Flocoumafen,90035-08-8,RO,OC1=C(C2CC(Cc3ccccc23)c4ccc(OCc5ccc(cc5)C(F)(F)F)cc4)C(=O)c6ccccc6O1,OC1=C(C2CC(Cc3ccccc23)c4ccc(OCc5ccc(cc5)C(F)(F)F)cc4)C(=O)c6ccccc6O1
665,Flonicamid (IKI-220),158062-67-0,IN,FC(F)(F)c1ccncc1C(=O)NCC#N,
669,Fluazaindolizine,1254304-22-7,NE,,
670,Fluazifop,69335-91-7,HB,CC(Oc1ccc(Oc2ccc(cn2)C(F)(F)F)cc1)C(O)=O,CC(Oc1ccc(Oc2ccc(cn2)C(F)(F)F)cc1)C(O)=O
671,Fluazifop-P,83066-88-0,HB,C[C@@H](Oc1ccc(Oc2ccc(cn2)C(F)(F)F)cc1)C(O)=O,
673,Fluazolate (formerly isopropozole),No CAS allocated,HB,,
674,Flubendiamide,272451-65-7,IN,Cc1cc(ccc1NC(=O)c2cccc(I)c2C(=O)NC(C)(C)C[S](C)(=O)=O)C(F)(C(F)(F)F)C(F)(F)F,Cc1cc(ccc1NC(=O)c2cccc(I)c2C(=O)NC(C)(C)C[S](C)(=O)=O)C(F)(C(F)(F)F)C(F)(F)F
675,Flubenzimine,37893-02-0,AC,FC(F)(F)N=C1SC(=Nc2ccccc2)N(c3ccccc3)C1=NC(F)(F)F,FC(F)(F)N=C1SC(=Nc2ccccc2)N(c3ccccc3)C1=NC(F)(F)F
676,Flucarbazone-sodium,181274-17-9,HB,[Na+].COC1=NN(C(=O)[N-][S](=O)(=O)c2ccccc2OC(F)(F)F)C(=O)N1C,[Na+].COC1=NN(C(=O)[N-][S](=O)(=O)c2ccccc2OC(F)(F)F)C(=O)N1C
677,Flucycloxuron,94050-52-9,AC,,Fc1cccc(F)c1C(=O)NC(=O)Nc2ccc(CO/N=C(C3CC3)/c4ccc(Cl)cc4)cc2
678,Flucythrinate,70124-77-5,IN,CC(C)C(C(=O)OC(C#N)c1cccc(Oc2ccccc2)c1)c3ccc(OC(F)F)cc3,CC(C)C(C(=O)OC(C#N)c1cccc(Oc2ccccc2)c1)c3ccc(OC(F)F)cc3
681,Flufenoxuron,101463-69-8,IN,Fc1cc(Oc2ccc(cc2Cl)C(F)(F)F)ccc1NC(=O)NC(=O)c3c(F)cccc3F,Fc1cc(Oc2ccc(cc2Cl)C(F)(F)F)ccc1NC(=O)NC(=O)c3c(F)cccc3F
684,Flumequine,42835-25-6,BA,CC1CCc2cc(F)cc3C(=O)C(=CN1c23)C(O)=O,CC1CCc2cc(F)cc3C(=O)C(=CN1c23)C(O)=O
687,Flumiclorac-pentyl,87546-18-7,HB,CCCCCOC(=O)COc1cc(N2C(=O)C3=C(CCCC3)C2=O)c(F)cc1Cl,CCCCCOC(=O)COc1cc(N2C(=O)C3=C(CCCC3)C2=O)c(F)cc1Cl
689,Fluometuron,2164-17-2,HB,CN(C)C(=O)Nc1cccc(c1)C(F)(F)F,CN(C)C(=O)Nc1cccc(c1)C(F)(F)F
691,Fluopyram,658066-35-4,"FU,NE",,
692,Fluoroacetamide,640-19-7,RO,NC(=O)CF,NC(=O)CF
693,Fluorodifen,15457-05-3,HB,[O-][N+](=O)c1ccc(Oc2ccc(cc2[N+]([O-])=O)C(F)(F)F)cc1,[O-][N+](=O)c1ccc(Oc2ccc(cc2[N+]([O-])=O)C(F)(F)F)cc1
694,Fluoroglycofen,77501-60-1,HB,OC(=O)COC(=O)c1cc(Oc2ccc(cc2Cl)C(F)(F)F)ccc1[N+]([O-])=O,CCOC(=O)COC(=O)c1cc(Oc2ccc(cc2Cl)C(F)(F)F)ccc1[N+]([O-])=O
695,Fluoxapiprolin,1360819-11-9,FU,,
697,Flupoxam,119126-15-7,HB,NC(=O)c1nn(c2ccc(Cl)c(COCC(F)(F)C(F)(F)F)c2)c(n1)c3ccccc3,NC(=O)c1nn(c2ccc(Cl)c(COCC(F)(F)C(F)(F)F)c2)c(n1)c3ccccc3
698,Flupyradifurone,951659-40-8,IN,,
699,Flupyrsulfuron-methyl (DPX KE 459),144740-53-4,HB,COC(=O)c1ccc(nc1[S](=O)(=O)NC(=O)Nc2nc(OC)cc(OC)n2)C(F)(F)F,
700,Fluquinconazole,136426-54-5,FU,Fc1ccc2N=C(n3cncn3)N(C(=O)c2c1)c4ccc(Cl)cc4Cl,Fc1ccc2N=C(n3cncn3)N(C(=O)c2c1)c4ccc(Cl)cc4Cl
701,Flurenol (flurecol),467-69-6,HB,OC(=O)[C@@]1(O)c2ccccc2c3ccccc13,
702,Fluridone,59756-60-4,HB,CN1C=C(c2ccccc2)C(=O)C(=C1)c3cccc(c3)C(F)(F)F,CN1C=C(c2ccccc2)C(=O)C(=C1)c3cccc(c3)C(F)(F)F
703,Flurochloridone,61213-25-0,HB,FC(F)(F)c1cccc(c1)N2CC(CCl)C(Cl)C2=O,FC(F)(F)c1cccc(c1)N2CC(CCl)C(Cl)C2=O
704,Fluroxypyr,69377-81-7 ,HB,Nc1c(Cl)c(F)nc(OCC(O)=O)c1Cl,Nc1c(Cl)c(F)nc(OCC(O)=O)c1Cl
706,Flurtamone,96525-23-4,HB,CNC1=C(C(=O)C(O1)c2ccccc2)c3cccc(c3)C(F)(F)F,CNC1=C(C(=O)C(O1)c2ccccc2)c3cccc(c3)C(F)(F)F
707,Flusilazole,85509-19-9,FU,C[Si](Cn1cncn1)(c2ccc(F)cc2)c3ccc(F)cc3,C[Si](Cn1cncn1)(c2ccc(F)cc2)c3ccc(F)cc3
708,Flusulfamide,106917-52-6,FU,[O-][N+](=O)c1ccc(N[S](=O)(=O)c2ccc(Cl)c(c2)C(F)(F)F)c(Cl)c1,[O-][N+](=O)c1ccc(N[S](=O)(=O)c2ccc(Cl)c(c2)C(F)(F)F)c(Cl)c1
710,Flutolanil,66332-96-5,FU,CC(C)Oc1cccc(NC(=O)c2ccccc2C(F)(F)F)c1,CC(C)Oc1cccc(NC(=O)c2ccccc2C(F)(F)F)c1
711,Flutriafol,76674-21-0,FU,OC(Cn1cncn1)(c2ccc(F)cc2)c3ccccc3F,OC(Cn1cncn1)(c2ccc(F)cc2)c3ccccc3F
712,Fluxapyroxad,907204-31-3 ,FU,,
715,Fomesafen,72178-02-0,HB,[Na+].C[S](=O)(=O)[N-]C(=O)c1cc(Oc2ccc(cc2Cl)C(F)(F)F)ccc1[N+]([O-])=O,C[S](=O)(=O)NC(=O)c1cc(Oc2ccc(cc2Cl)C(F)(F)F)ccc1[N+]([O-])=O
716,Fonofos,944-22-9,IN,CCO[P](=S)(CC)Sc1ccccc1,CCO[P](=S)(CC)Sc1ccccc1
719,Formaldehyde,50-00-0,"FU,ST",C=O,C=O
720,Formetanate,23422-53-9,"AC,IN",[H+].[Cl-].CNC(=O)Oc1cccc(c1)N=CN(C)C,CNC(=O)Oc1cccc(c1)N=CN(C)C
721,Formic acid,64-18-6,IN,OC=O,OC=O
722,Formothion,2540-82-1,"AC,IN",CO[P](=S)(OC)SCC(=O)N(C)C=O,CO[P](=S)(OC)SCC(=O)N(C)C=O
723,Fosamine,59682-52-9,HB,[NH4+].CCO[P]([O-])(=O)C(N)=O,[NH4+].CCO[P]([O-])(=O)C(N)=O
724,Fosetyl,15845-66-6 ,FU,CCO[P+](O)=O,CCO[P+](O)=O
725,Fosthiazate,98886-44-3,NE,CCO[P](=O)(SC(C)CC)N1CCSC1=O,CCO[P](=O)(SC(C)CC)N1CCSC1=O
726,Fosthietan,21548-32-3,NE,CCO[P](=O)(OCC)N=C1SCS1,CCO[P](=O)(OCC)N=C1SCS1
728,Fuberidazole,878-19-1,FU,,[nH]1c2ccccc2nc1c3occc3
729,Furalaxyl,57646-30-7,FU,COC(=O)C(C)N(C(=O)c1occc1)c2c(C)cccc2C,COC(=O)C(C)N(C(=O)c1occc1)c2c(C)cccc2C
730,Furathiocarb,65907-30-4,IN,CCCCOC(=O)N(C)SN(C)C(=O)Oc1cccc2CC(C)(C)Oc12,CCCCOC(=O)N(C)SN(C)C(=O)Oc1cccc2CC(C)(C)Oc12
731,Furconazole,No CAS allocated,FU,,
733,Furmecyclox,60568-05-0,FU,CON(C1CCCCC1)C(=O)c2cc(C)oc2C,CON(C1CCCCC1)C(=O)c2cc(C)oc2C
735,GS-omega/kappa-HxTx-Hv1a,No CAS allocated,IN,,
739,Gelatine,No CAS allocated,IN,,
740,Gentian violet,No CAS allocated,BA,,[Cl-].CN(C)c1ccc(cc1)[C+](c2ccc(cc2)N(C)C)c3ccc(cc3)N(C)C
744,Glufosinate,51276-47-2,HB,[NH4+].C[P](O)(=O)CCC(N)C([O-])=O,C[P](O)(=O)CCC(N)C(O)=O
745,Glutaraldehyde (aka glutardialdehyde),111-30-8,"BA,FU",O=CCCCC=O,
746,Glyphosate,1071-83-6,HB,OC(=O)CNC[P](O)(O)=O,OC(=O)CNC[P](O)(O)=O
748,"Grease (bands, fruit trees)",No CAS allocated,IN,,
749,Guazatine,13516-27-3,"FU,RE",NC(N)=NCCCCCCCCNCCCCCCCCN=C(N)N,NC(N)=NCCCCCCCCNCCCCCCCCN=C(N)N
752,Halfenprox (aka brofenprox),111872-58-3,AC,CC(C)(COCc1cccc(Oc2ccccc2)c1)c3ccc(OC(F)(F)Br)cc3,
753,Halosulfuron-methyl,100784-20-1,HB,COC(=O)c1c(Cl)nn(C)c1[S](=O)(=O)NC(=O)Nc2nc(OC)cc(OC)n2,COC(=O)c1c(Cl)nn(C)c1[S](=O)(=O)NC(=O)Nc2nc(OC)cc(OC)n2
754,Haloxyfop,69806-34-4,HB,[Na+].CC(Oc1ccc(Oc2ncc(cc2Cl)C(F)(F)F)cc1)C([O-])=O,CC(Oc1ccc(Oc2ncc(cc2Cl)C(F)(F)F)cc1)C(O)=O
755,Haloxyfop-P (Haloxyfop-R),95977-29-0,HB,,
756,Helicoverpa armigera nucleopolyhedrovirus (HearNPV),No CAS allocated,IN,,
759,Heptenophos,23560-59-0,IN,CO[P](=O)(OC)OC1=C(Cl)C2C=CCC12,CO[P](=O)(OC)OC1=C(Cl)C2C=CCC12
762,Hexachlorophene,70-30-4,FU,Oc1c(Cl)cc(Cl)c(Cl)c1Cc2c(O)c(Cl)cc(Cl)c2Cl,Oc1c(Cl)cc(Cl)c(Cl)c1Cc2c(O)c(Cl)cc(Cl)c2Cl
763,Hexaconazole,79983-71-4,FU,CCCCC(O)(Cn1cncn1)c2ccc(Cl)cc2Cl,CCCCC(O)(Cn1cncn1)c2ccc(Cl)cc2Cl
765,Hexaflumuron,86479-06-3,IN,FC(F)C(F)(F)Oc1c(Cl)cc(NC(=O)NC(=O)c2c(F)cccc2F)cc1Cl,FC(F)C(F)(F)Oc1c(Cl)cc(NC(=O)NC(=O)c2c(F)cccc2F)cc1Cl
768,Hexazinone,51235-04-2,HB,CN(C)C1=NC(=O)N(C2CCCCC2)C(=O)N1C,CN(C)C1=NC(=O)N(C2CCCCC2)C(=O)N1C
769,Hexythiazox,78587-05-0,"AC,IN",C[C@H]1C(SC(=O)N1C(=O)NC2CCCCC2)c3ccc(Cl)cc3,C[C@H]1C(SC(=O)N1C(=O)NC2CCCCC2)c3ccc(Cl)cc3
770,Hydramethylnon,67485-29-4,IN,CC1(C)CNC(=NC1)N\N=C(/C=C/c2ccc(cc2)C(F)(F)F)\C=C\c3ccc(cc3)C(F)(F)F,CC1(C)CNC(=NC1)N\N=C(/C=C/c2ccc(cc2)C(F)(F)F)\C=C\c3ccc(cc3)C(F)(F)F
774,Hydroxyphenyl-salicylamide,526-18-1,FU,Oc1ccc(NC(=O)c2ccccc2O)cc1,NC(=O)c1cccc(O)c1Oc2ccccc2
776,Idanofan,No CAS allocated,HB,,
778,Imazamethabenz,100728-84-5,HB,CC(C)C1(C)N=C(NC1=O)c2cc(C)ccc2C(O)=O,CC(C)C1(C)N=C(NC1=O)c2cc(C)ccc2C(O)=O
779,Imazamox,114311-32-9,HB,COCc1cnc(C2=NC(C)(C(C)C)C(=O)N2)c(c1)C(O)=O,COCc1cnc(C2=NC(C)(C(C)C)C(=O)N2)c(c1)C(O)=O
780,Imazapic,104098-48-8,HB,CC(C)C1(C)N=C(NC1=O)c2ncc(C)cc2C(O)=O,CC(C)C1(C)N=C(NC1=O)c2ncc(C)cc2C(O)=O
781,Imazapyr,81334-34-1,HB,CC(C)C1(C)N=C(NC1=O)c2ncccc2C(O)=O,CC(C)C1(C)N=C(NC1=O)c2ncccc2C(O)=O
783,Imazethabenz,No CAS allocated,HB,,
784,Imazethapyr,81335-77-5,"HB,PG",CCc1cnc(C2=NC(C)(C(C)C)C(=O)N2)c(c1)C(O)=O,CCc1cnc(C2=NC(C)(C(C)C)C(=O)N2)c(c1)C(O)=O
785,Imazosulfuron,122548-33-8,HB,COc1cc(OC)nc(NC(=O)N[S](=O)(=O)c2n3ccccc3nc2Cl)n1,COc1cc(OC)nc(NC(=O)N[S](=O)(=O)c2n3ccccc3nc2Cl)n1
786,Imibenconazole,86598-92-7,FU,Clc1ccc(CSC(Cn2cncn2)=Nc3ccc(Cl)cc3Cl)cc1,Clc1ccc(CSC(Cn2cncn2)=Nc3ccc(Cl)cc3Cl)cc1
787,Imicyafos,140163-89-9,NE,,
788,Imidacloprid,138261-41-3,IN,[O-][N+](=O)NC1=NCCN1Cc2ccc(Cl)nc2,[O-][N+](=O)NC1=NCCN1Cc2ccc(Cl)nc2
789,Iminoctadine,13516-27-3,FU,NC(N)=NCCCCCCCCNCCCCCCCCN=C(N)N,NC(N)=NCCCCCCCCNCCCCCCCCN=C(N)N
790,Indanofan,133220-30-1,HB,,
791,Indaziflam,950782-86-2,HB,,
794,Indoxacarb,173584-44-6,IN,COC(=O)N(C(=O)N1CO[C@]2(Cc3cc(Cl)ccc3C2=N1)C(=O)OC)c4ccc(OC(F)(F)F)cc4,COC(=O)N(C(=O)N1CO[C@]2(Cc3cc(Cl)ccc3C2=N1)C(=O)OC)c4ccc(OC(F)(F)F)cc4
795,Inpyrfluxam (S-2399 ),1352994-67-2,FU,,
796,Iodofenphos,18181-70-9,IN,CO[P](=S)(OC)Oc1cc(Cl)c(I)cc1Cl,CO[P](=S)(OC)Oc1cc(Cl)c(I)cc1Cl
798,Ioxynil,1689-83-4,HB,Oc1c(I)cc(cc1I)C#N,Oc1c(I)cc(cc1I)C#N
799,Ipconazole,125225-28-7,FU,CC(C)C1CCC(Cc2ccc(Cl)cc2)C1(O)Cn3cncn3,
800,Ipflufenoquin,1314008-27-9,FU,,
801,Iprobenfos,26087-47-8,FU,CC(C)O[P](=O)(OC(C)C)SCc1ccccc1,CC(C)O[P](=O)(OC(C)C)SCc1ccccc1
802,Iprodione,36734-19-7,"FU,NE",CC(C)NC(=O)N1CC(=O)N(C1=O)c2cc(Cl)cc(Cl)c2,CC(C)NC(=O)N1CC(=O)N(C1=O)c2cc(Cl)cc(Cl)c2
805,Iron sulphate,see remark,HB,,[Fe++].[O-][S]([O-])(=O)=O
807,Isazofos,42509-80-8,IN,CCO[P](=S)(OCC)Oc1nn(C(C)C)c(Cl)n1,CCO[P](=S)(OCC)Oc1nn(C(C)C)c(Cl)n1
808,Isocarbamid,30979-48-7,HB,CC(C)CNC(=O)N1CCNC1=O,CC(C)CNC(=O)N1CCNC1=O
810,Isofenphos,25311-71-1,IN,CCO[P](=S)(NC(C)C)Oc1ccccc1C(=O)OC(C)C,CCO[P](=S)(NC(C)C)Oc1ccccc1C(=O)OC(C)C
812,Isofetamid,875915-78-9 ,FU,,
813,Isoflucypram,1255734-28-1,FU,,
814,Isolane,119-38-0,IN,CC(C)n1nc(C)cc1OC(=O)N(C)C,CC(C)n1nc(C)cc1OC(=O)N(C)C
816,Isopropalin,33820-53-0,HB,CCCN(CCC)c1c(cc(cc1[N+]([O-])=O)C(C)C)[N+]([O-])=O,CCCN(CCC)c1c(cc(cc1[N+]([O-])=O)C(C)C)[N+]([O-])=O
817,Isoprothiolane,50512-35-1,FU,CC(C)OC(=O)C(C(=O)OC(C)C)=C1SCCS1,CC(C)OC(=O)C(C(=O)OC(C)C)=C1SCCS1
818,Isoproturon,34123-59-6,HB,CC(C)c1ccc(NC(=O)N(C)C)cc1,CC(C)c1ccc(NC(=O)N(C)C)cc1
819,Isopyrazam,881685-58-1,FU,,
820,Isotianil,224049-04-1,FU,,
821,Isouron,55861-78-4,HB,CN(C)C(=O)Nc1cc(on1)C(C)(C)C,CN(C)C(=O)Nc1cc(on1)C(C)(C)C
822,Isoval,83-28-3,RO,CC(C)CC(=O)C1C(=O)c2ccccc2C1=O,CC(C)CC(=O)C1C(=O)c2ccccc2C1=O
823,Isoxaben,82558-50-7,HB,CCC(C)(CC)c1cc(NC(=O)c2c(OC)cccc2OC)on1,CCC(C)(CC)c1cc(NC(=O)c2c(OC)cccc2OC)on1
825,Isoxathion,18854-01-8,IN,CCO[P](=S)(OCC)Oc1cc(on1)c2ccccc2,CCO[P](=S)(OCC)Oc1cc(on1)c2ccccc2
828,Karbutilate,4849-32-5,HB,CN(C)C(=O)Nc1cccc(OC(=O)NC(C)(C)C)c1,CN(C)C(=O)Nc1cccc(OC(=O)NC(C)(C)C)c1
829,Kasugamycin,6980-18-3,"BA,FU",[Cl-].C[C@H]1O[C@H](OC2[C@H](O)[C@@H](O)C(O)[C@H](O)[C@@H]2O)[C@@H](N)C[C@@H]1N=C(N)C(O)=O.[H+],CC1OC(OC2C(O)C(O)C(O)C(O)C2O)C(N)CC1N=C(N)C(O)=O
830,Kelevan,4234-79-1,IN,CCOC(=O)CCC(=O)CC1(O)C2(Cl)C3(Cl)C4(Cl)C(Cl)(Cl)C5(Cl)C3(Cl)C1(Cl)C5(Cl)C24Cl,CCOC(=O)CCC(=O)CC1(O)C2(Cl)C3(Cl)C4(Cl)C(Cl)(Cl)C5(Cl)C3(Cl)C1(Cl)C5(Cl)C24Cl
831,Kieselgur (diatomaceous earth),61790-53-2,IN,,
832,Kinoprene,42588-37-4,IN,CC(C)CCCC(C)C\C=C\C(C)=C\C(=O)OCC#C,CC(C)CCCC(C)C\C=C\C(C)=C\C(=O)OCC#C
843,Lauryldimethylbenzylammonium bromide,No CAS allocated,"BA,FU",,[Br-].CCCCCCCCCCCC[N+](C)(C)Cc1ccccc1
844,Lauryldimethylbenzylammonium chloride,139-07-1,HB,[Cl-].CCCCCCCCCCCC[N+](C)(C)Cc1ccccc1,[Cl-].CCCCCCCCCCCC[N+](C)(C)Cc1ccccc1
846,Lecithin,8002-43-5,FU,,
847,Lecithins (basic substance),8002-43-5,FU,,
850,Lenacil,8/1/2164,HB,,O=C1NC2=C(CCC2)C(=O)N1C3CCCCC3
851,Lepimectin,863549-51-3,IN,,
855,Lindane,See note,"IN,RO",,ClC1C(Cl)C(Cl)C(Cl)C(Cl)C1Cl
856,Linuron,330-55-2,HB,CON(C)C(=O)Nc1ccc(Cl)c(Cl)c1,CON(C)C(=O)Nc1ccc(Cl)c(Cl)c1
857,Lufenuron,103055-07-8,IN,FC(C(F)(F)F)C(F)(F)Oc1cc(Cl)c(NC(=O)NC(=O)c2c(F)cccc2F)cc1Cl,FC(C(F)(F)F)C(F)(F)Oc1cc(Cl)c(NC(=O)NC(=O)c2c(F)cccc2F)cc1Cl
859,MCPA,see remark,HB,,Cc1cc(Cl)ccc1OCC(O)=O
860,MCPB,94-81-5,HB,Cc1cc(Cl)ccc1OCCCC(O)=O,Cc1cc(Cl)ccc1OCCCC(O)=O
861,MSMA (methyl arsonic acid),124-58-3,HB,C[As](O)(O)=O,
863,Magnesium phosphide,12057-74-8 ,"IN,RO",[Mg++].[Mg++].[Mg++].[P-3].[P-3],[Mg++].[Mg++].[Mg++].[P-3].[P-3]
864,Malathion,121-75-5,"AC,IN",CCOC(=O)CC(S[P](=S)(OC)OC)C(=O)OCC,CCOC(=O)CC(S[P](=S)(OC)OC)C(=O)OCC
866,Maltodextrin,9050-36-6,IN,OC[C@@H](O)[C@@H](O)[C@H](O)[C@@H](O)C=O,OC[C@@H](O)[C@@H](O)[C@H](O)[C@@H](O)C=O
868,Mancopper,53988-93-5,FU,[Mn++].[Cu++].[S-]C(=S)NCCNC([S-])=S.[S-]C(=S)NCCNC([S-])=S,[Mn++].[Cu++].[S-]C(=S)NCCNC([S-])=S.[S-]C(=S)NCCNC([S-])=S
869,Mancozeb,1/7/8018,FU,,[Mn++].[Zn++].[S-]C(=S)NCCNC([S-])=S.[S-]C(=S)NCCNC([S-])=S
872,Maneb,1/7/8018,FU,,[Mn++].[S-]C(=S)NCCNC([S-])=S
875,Mecarbam,2595-54-2,"AC,IN",CCOC(=O)N(C)C(=O)CS[P](=S)(OCC)OCC,CCOC(=O)N(C)C(=O)CS[P](=S)(OCC)OCC
876,Mecoprop,93-65-2,HB,CC(Oc1ccc(Cl)cc1C)C(O)=O,CC(Oc1ccc(Cl)cc1C)C(O)=O
877,Mecoprop-P,16484-77-8,HB,C[C@@H](Oc1ccc(Cl)cc1C)C(O)=O,C[C@@H](Oc1ccc(Cl)cc1C)C(O)=O
878,Mefenacet,73250-68-7,HB,CN(C(=O)COc1sc2ccccc2n1)c3ccccc3,CN(C(=O)COc1sc2ccccc2n1)c3ccccc3
882,Mephosfolan,950-10-7,IN,CCO[P](=O)(OCC)N=C1SCC(C)S1,CCO[P](=O)(OCC)N=C1SCC(C)S1
884,Mepronil,55814-41-0,FU,CC(C)Oc1cccc(NC(=O)c2ccccc2C)c1,CC(C)Oc1cccc(NC(=O)c2ccccc2C)c1
891,Metaflumizone,139968-49-3,IN,,
894,Metaldehyde,see remark,MO,,CC=O
896,Metamifop,256412-89-2,HB,,
897,Metamitron,41394-05-2,HB,CC1=NN=C(c2ccccc2)C(=O)N1N,CC1=NN=C(c2ccccc2)C(=O)N1N
898,Metarhizium brunneum BNL102,No CAS allocated,IN,,
901,Metarhizium pingshaense strain CF62,No CAS allocated,IN,,
902,Metarhizium pingshaense strain CF69,No CAS allocated,IN,,
903,Metarhizium pingshaense strain CF78,No CAS allocated,AC,,
904,Metazachlor,67129-08-2,HB,Cc1cccc(C)c1N(Cn2cccn2)C(=O)CCl,Cc1cccc(C)c1N(Cn2cccn2)C(=O)CCl
906,Methabenzthiazuron,18691-97-9,HB,CNC(=O)N(C)c1sc2ccccc2n1,CNC(=O)N(C)c1sc2ccccc2n1
907,Methacrifos,30864-28-9,IN,COC(=O)C(/C)=C/O[P](=S)(OC)OC,COC(=O)C(/C)=C/O[P](=S)(OC)OC
908,Methamidophos,10265-92-6,"AC,IN",CO[P](N)(=O)SC,CO[P](N)(=O)SC
909,Methazole,20354-26-1,HB,CN1C(=O)ON(C1=O)c2ccc(Cl)c(Cl)c2,CN1C(=O)ON(C1=O)c2ccc(Cl)c(Cl)c2
910,Methfuroxam,28730-17-8,FU,Cc1oc(C)c(C(=O)Nc2ccccc2)c1C,Cc1oc(C)c(C(=O)Nc2ccccc2)c1C
911,Methidathion,950-37-8,"AC,IN",COC1=NN(CS[P](=S)(OC)OC)C(=O)S1,COC1=NN(CS[P](=S)(OC)OC)C(=O)S1
912,Methiocarb (aka mercaptodimethur),2032-65-7,"IN,RE",CNC(=O)Oc1cc(C)c(SC)c(C)c1,
913,Methomyl,16752-77-5,IN,CNC(=O)O\N=C(/C)SC,CNC(=O)O\N=C(/C)SC
914,Methoprene,40596-69-8,IN,COC(C)(C)CCCC(C)C\C=C\C(C)=C\C(=O)OC(C)C,COC(C)(C)CCCC(C)C\C=C\C(C)=C\C(=O)OC(C)C
915,Methoprotryne,841-06-5,HB,COCCCNc1nc(NC(C)C)nc(SC)n1,COCCCNc1nc(NC(C)C)nc(SC)n1
916,Methoxychlor,72-43-5,IN,COc1ccc(cc1)C(c2ccc(OC)cc2)C(Cl)(Cl)Cl,COc1ccc(cc1)C(c2ccc(OC)cc2)C(Cl)(Cl)Cl
917,Methoxyfenozide,161050-58-4,IN,COc1cccc(C(=O)NN(C(=O)c2cc(C)cc(C)c2)C(C)(C)C)c1C,COc1cccc(C(=O)NN(C(=O)c2cc(C)cc(C)c2)C(C)(C)C)c1C
919,Methyl bromide,74-83-9,"FU,HB,IN,NE",CBr,CBr
921,Methyl isothiocyanate,556-61-6,"FU,HB,IN,NE",CN=C=S,CN=C=S
926,Methylenebisthiocyanate,6317-18-6,FU,N#CSCSC#N,N#CSCSC#N
929,Metiram,9006-42-2,FU,[Zn++].[S-]C(=S)NCCNC([S-])=S,
930,Metobromuron,3060-89-7,HB,CON(C)C(=O)Nc1ccc(Br)cc1,CON(C)C(=O)Nc1ccc(Br)cc1
931,Metolachlor,51218-45-2,HB,CCc1cccc(C)c1N(C(C)COC)C(=O)CCl,CCc1cccc(C)c1N(C(C)COC)C(=O)CCl
932,Metolcarb,1129-41-5,IN,CNC(=O)Oc1cccc(C)c1,CNC(=O)Oc1cccc(C)c1
933,Metominostrobin,133408-50-1,FU,CNC(=O)C(=N/OC)\c1ccccc1Oc2ccccc2,
934,Metosulam,139528-85-1,HB,COc1cc(OC)n2nc(nc2n1)[S](=O)(=O)Nc3c(Cl)ccc(C)c3Cl,COc1cc(OC)n2nc(nc2n1)[S](=O)(=O)Nc3c(Cl)ccc(C)c3Cl
935,Metoxuron,19937-59-8,HB,COc1ccc(NC(=O)N(C)C)cc1Cl,COc1ccc(NC(=O)N(C)C)cc1Cl
937,Metribuzin,21087-64-9 ,HB,CSC1=NN=C(C(=O)N1N)C(C)(C)C,CSC1=NN=C(C(=O)N1N)C(C)(C)C
939,Metsulfovax,21452-18-6,FU,Cc1sc(C(=O)Nc2ccccc2)c(C)n1,Cc1sc(C(=O)Nc2ccccc2)c(C)n1
940,Metsulfuron-methyl,74223-64-6,HB,COC(=O)c1ccccc1[S](=O)(=O)NC(=O)Nc2nc(C)nc(OC)n2,COC(=O)c1ccccc1[S](=O)(=O)NC(=O)Nc2nc(C)nc(OC)n2
941,Metyltetraprole,1472649-01-6,HB,,
942,Mevinphos,7786-34-7,"AC,IN",COC(=O)\C=C(/C)O[P](=O)(OC)OC,COC(=O)\C=C(/C)O[P](=O)(OC)OC
943,Milbemectin,See note,IN,,CC[C@H]1O[C@]2(CC[C@@H]1C)C[C@@H]3C[C@@H](C\C=C(/C)C[C@@H](C)\C=C\C=C\4CO[C@@H]5[C@H](O)C(=C[C@@H](C(=O)O3)[C@]45O)C)O2
949,Molinate,2212-67-1,HB,CCSC(=O)N1CCCCCC1,CCSC(=O)N1CCCCCC1
950,Monalide,7287-36-7,HB,CCCC(C)(C)C(=O)Nc1ccc(Cl)cc1,CCCC(C)(C)C(=O)Nc1ccc(Cl)cc1
951,Monocarbamide-dihydrogensulphate,No CAS allocated,"HB,PG",,
952,Monocrotophos,6923-22-4,"AC,IN",CNC(=O)\C=C(/C)O[P](=O)(OC)OC,CNC(=O)\C=C(/C)O[P](=O)(OC)OC
953,Monolinuron,1746-81-2,HB,CON(C)C(=O)Nc1ccc(Cl)cc1,CON(C)C(=O)Nc1ccc(Cl)cc1
954,Monuron,150-68-5,HB,CN(C)C(=O)Nc1ccc(Cl)cc1,CN(C)C(=O)Nc1ccc(Cl)cc1
957,Myclobutanil,88671-89-0,FU,CCCCC(Cn1cncn1)(C#N)c2ccc(Cl)cc2,CCCCC(Cn1cncn1)(C#N)c2ccc(Cl)cc2
960,Nabam,142-59-6,"FU,HB",[Na+].[Na+].[S-]C(=S)NCCNC([S-])=S,[Na+].[Na+].[S-]C(=S)NCCNC([S-])=S
961,Naled,300-76-5,"AC,IN",CO[P](=O)(OC)OC(Br)C(Cl)(Cl)Br,CO[P](=O)(OC)OC(Br)C(Cl)(Cl)Br
964,Napropamide,15299-99-7,HB,CCN(CC)C(=O)C(C)Oc1cccc2ccccc12,CCN(CC)C(=O)C(C)Oc1cccc2ccccc12
965,Napropamide-M,41643-35-0,HB,,
966,Naptalam,132-66-1,HB,OC(=O)c1ccccc1C(=O)Nc2cccc3ccccc23,OC(=O)c1ccccc1C(=O)Nc2cccc3ccccc23
967,Neburon,555-37-3,HB,CCCCN(C)C(=O)Nc1ccc(Cl)c(Cl)c1,CCCCN(C)C(=O)Nc1ccc(Cl)c(Cl)c1
969,Nicosulfuron,111991-09-4,HB,COc1cc(OC)nc(NC(=O)N[S](=O)(=O)c2ncccc2C(=O)N(C)C)n1,COc1cc(OC)nc(NC(=O)N[S](=O)(=O)c2ncccc2C(=O)N(C)C)n1
970,Nicotine,54-11-5,IN,CN1CCC[C@H]1c2cccnc2,CN1CCCC1c2cccnc2
972,Nitralin,4726-14-1,HB,CCCN(CCC)c1c(cc(cc1[N+]([O-])=O)[S](C)(=O)=O)[N+]([O-])=O,CCCN(CCC)c1c(cc(cc1[N+]([O-])=O)[S](C)(=O)=O)[N+]([O-])=O
974,Nitrogen,7727-37-9,IN,N#N,[NH2]
975,Nitrothal,No CAS allocated,FU,,
977,Nonylphenol ethoxylate,26027-38-3,FU,CCCCCCCCCc1ccc(OCCO)cc1,
978,Norflurazon,27314-13-2,HB,CNC1=C(Cl)C(=O)N(N=C1)c2cccc(c2)C(F)(F)F,CNC1=C(Cl)C(=O)N(N=C1)c2cccc(c2)C(F)(F)F
979,Noruron,2163-79-3,HB,CN(C)C(=O)NC1CC2CC1C3CCCC23,CN(C)C(=O)NC1CC2CC1C3CCCC23
980,Novaluron,116714-46-6,IN,FC(OC(F)(F)F)C(F)(F)Oc1ccc(NC(=O)NC(=O)c2c(F)cccc2F)cc1Cl,FC(OC(F)(F)F)C(F)(F)Oc1ccc(NC(=O)NC(=O)c2c(F)cccc2F)cc1Cl
981,Nuarimol,63284-71-9,FU,OC(c1ccc(F)cc1)(c2cncnc2)c3ccccc3Cl,OC(c1ccc(F)cc1)(c2cncnc2)c3ccccc3Cl
982,Octhilinone,26530-20-1,FU,CCCCCCCCN1SC=CC1=O,CCCCCCCCN1SC=CC1=O
983,Octyldecyldimethyl ammonium chloride,No CAS allocated,"BA,FU",,[Cl-].CCCCCCCCCC[N+](C)(C)CCCCCCCC
984,Ofurace,58810-48-3,FU,Cc1cccc(C)c1N(C2CCOC2=O)C(=O)CCl,Cc1cccc(C)c1N(C2CCOC2=O)C(=O)CCl
987,Omethoate,1113-02-6,"AC,IN",CNC(=O)CS[P](=O)(OC)OC,CNC(=O)CS[P](=O)(OC)OC
991,OptiCHOS,No CAS allocated,FU,,
992,Orange oil,No CAS allocated,IN,,
993,Orbencarb,34622-58-7,HB,CCN(CC)C(=O)SCc1ccccc1Cl,CCN(CC)C(=O)SCc1ccccc1Cl
995,Orthosulfamuron,213464-77-8,HB,,
996,Orysastrobin,248593-16-0,FU,,
997,Oryzalin,19044-88-3,HB,CCCN(CCC)c1c(cc(cc1[N+]([O-])=O)[S](N)(=O)=O)[N+]([O-])=O,CCCN(CCC)c1c(cc(cc1[N+]([O-])=O)[S](N)(=O)=O)[N+]([O-])=O
999,Oxadiargyl,39807-15-3,HB,CC(C)(C)C1=NN(C(=O)O1)c2cc(OCC#C)c(Cl)cc2Cl,CC(C)(C)C1=NN(C(=O)O1)c2cc(OCC#C)c(Cl)cc2Cl
1000,Oxadiazon,19666-30-9,HB,CC(C)Oc1cc(N2N=C(OC2=O)C(C)(C)C)c(Cl)cc1Cl,CC(C)Oc1cc(N2N=C(OC2=O)C(C)(C)C)c(Cl)cc1Cl
1001,Oxadixyl,77732-09-3,FU,COCC(=O)N(N1CCOC1=O)c2c(C)cccc2C,COCC(=O)N(N1CCOC1=O)c2c(C)cccc2C
1002,Oxamyl,23135-22-0,"IN,NE",CNC(=O)O\N=C(SC)\C(=O)N(C)C,CNC(=O)O\N=C(SC)\C(=O)N(C)C
1003,Oxasulfuron,144651-06-9,HB,Cc1cc(C)nc(NC(=O)N[S](=O)(=O)c2ccccc2C(=O)OC3COC3)n1,Cc1cc(C)nc(NC(=O)N[S](=O)(=O)c2ccccc2C(=O)OC3COC3)n1
1005,Oxine-copper,10380-28-6,FU,[Cu++].[O-]c1cccc2cccnc12.[O-]c3cccc4cccnc34,[Cu++].[O-]c1cccc2cccnc12.[O-]c3cccc4cccnc34
1006,Oxpoconazole,134074-64-9,FU,,
1007,Oxycarboxin,5259-88-1,FU,CC1=C(C(=O)Nc2ccccc2)[S](=O)(=O)CCO1,CC1=C(C(=O)Nc2ccccc2)[S](=O)(=O)CCO1
1008,Oxydemeton-methyl,301-12-2,"AC,IN",CC[S](=O)CCS[P](=O)(OC)OC,CC[S](=O)CCS[P](=O)(OC)OC
1009,Oxyfluorfen,42874-03-3,HB,CCOc1cc(Oc2ccc(cc2Cl)C(F)(F)F)ccc1[N+]([O-])=O,CCOc1cc(Oc2ccc(cc2Cl)C(F)(F)F)ccc1[N+]([O-])=O
1011,Oxytetracycline,79-57-2,BA,O.O.[Na+].[Na+].CN(C)[C@H]1[C@@H]2[C@@H](O)[C@H]3[C-](C(=O)c4c([O-])cccc4[C@@]3(C)O)C(=O)[C@]2(O)C(=O)\C(=C(N)/O)C1=O,O.O.CN(C)[C@H]1[C@@H]2[C@@H](O)[C@H]3C(=C(O)c4c(O)cccc4[C@@]3(C)O)C(=O)[C@]2(O)C(=O)\C(=C(N)/O)C1=O
1014,Paecilomyces fumosoroseus strain Fe 9901,No CAS allocated,IN,,
1015,Papaine,No CAS allocated,RO,,
1021,Paraffin oil/(CAS 64742-46-7),64742-46-7,"AC,IN",,
1022,Paraffin oil/(CAS 64742-54-7),64741-54-7,IN,,
1025,Paraffin oil/(CAS 72623-86-0),72623-86-0,"AC,IN",,
1027,Paraffin oil/(CAS 8042-47-5),8042-47-5,"AC,IN",,
1028,Paraffin oil/(CAS 97862-82-3),97862-82-3,"AC,IN",,
1029,Paraformaldehyde,50-00-0,IN,C=O,C=O
1030,Paraquat,4685-14-7,HB,C[n+]1ccc(cc1)c2cc[n+](C)cc2,C[n+]1ccc(cc1)c2cc[n+](C)cc2
1031,Parathion,56-38-2,"AC,IN",CCO[P](=S)(OCC)Oc1ccc(cc1)[N+]([O-])=O,CCO[P](=S)(OCC)Oc1ccc(cc1)[N+]([O-])=O
1032,Parathion-methyl,298-00-0,"IN,RE",CO[P](=S)(OC)Oc1ccc(cc1)[N+]([O-])=O,CO[P](=S)(OC)Oc1ccc(cc1)[N+]([O-])=O
1034,Pebulate,1114-71-2,HB,CCCCN(CC)C(=O)SCCC,CCCCN(CC)C(=O)SCCC
1035,Pefurazoate,101903-30-4,FU,CCC(N(Cc1occc1)C(=O)n2ccnc2)C(=O)OCCCC=C,CCC(N(Cc1occc1)C(=O)n2ccnc2)C(=O)OCCCC=C
1036,Pelargonic acid (CAS 112-05-0),112-05-0,"AC,HB,IN,PG",CCCCCCCCC(O)=O,
1038,Pencycuron,66063-05-6,FU,Clc1ccc(CN(C2CCCC2)C(=O)Nc3ccccc3)cc1,Clc1ccc(CN(C2CCCC2)C(=O)Nc3ccccc3)cc1
1039,Pendimethalin,40487-42-1 ,HB,CCC(CC)Nc1c(cc(C)c(C)c1[N+]([O-])=O)[N+]([O-])=O,CCC(CC)Nc1c(cc(C)c(C)c1[N+]([O-])=O)[N+]([O-])=O
1040,Penflufen,494793-67-8,FU,,
1041,Penoxsulam,219714-96-2,HB,COc1cnc(OC)n2nc(N[S](=O)(=O)c3c(OCC(F)F)cccc3C(F)(F)F)nc12,COc1cnc(OC)n2nc(N[S](=O)(=O)c3c(OCC(F)F)cccc3C(F)(F)F)nc12
1042,Pentachlorophenol,87-86-5,HB,Oc1c(Cl)c(Cl)c(Cl)c(Cl)c1Cl,Oc1c(Cl)c(Cl)c(Cl)c(Cl)c1Cl
1043,Pentanochlor,2307-68-8,HB,CCCC(C)C(=O)Nc1ccc(C)c(Cl)c1,CCCC(C)C(=O)Nc1ccc(C)c(Cl)c1
1045,Penthiopyrad,183675-82-3,FU,,
1046,Pentoxazone,110956-75-7,HB,,
1053,Perfluidone,37924-13-3,HB,Cc1cc(ccc1N[S](=O)(=O)C(F)(F)F)[S](=O)(=O)c2ccccc2,Cc1cc(ccc1N[S](=O)(=O)C(F)(F)F)[S](=O)(=O)c2ccccc2
1054,Permethrin,52645-53-1,IN,CC1(C)[C@@H](C=C(Cl)Cl)[C@H]1C(=O)OCc2cccc(Oc3ccccc3)c2,CC1(C)[C@@H](C=C(Cl)Cl)[C@H]1C(=O)OCc2cccc(Oc3ccccc3)c2
1056,Petroleum oils,No CAS allocated,"AC,FU,HB,IN",,
1059,Petroleum oils/(CAS 92062-35-6), 92062-35-6,IN,,
1060,Phenmedipham,13684-63-4 ,HB,COC(=O)Nc1cccc(OC(=O)Nc2cccc(C)c2)c1,COC(=O)Nc1cccc(OC(=O)Nc2cccc(C)c2)c1
1061,Phenols,No CAS allocated,"HB,ST",,
1063,Phenthoate,3/7/2597,IN,,CCOC(=O)C(S[P](=S)(OC)OC)c1ccccc1
1070,Phorate,298-02-2,IN,CCO[P](=S)(OCC)SCSCC,CCO[P](=S)(OCC)SCSCC
1071,Phosalone,2310-17-0,"AC,IN",CCO[P](=S)(OCC)SCN1C(=O)Oc2cc(Cl)ccc12,CCO[P](=S)(OCC)SCN1C(=O)Oc2cc(Cl)ccc12
1072,Phosametine (LS830556),No CAS allocated,HB,,
1073,Phosmet,732-11-6,IN,CO[P](=S)(OC)SCN1C(=O)c2ccccc2C1=O,CO[P](=S)(OC)SCN1C(=O)c2ccccc2C1=O
1074,Phosphamidon,13171-21-6,"AC,IN",CCN(CC)C(=O)\C(Cl)=C(/C)O[P](=O)(OC)OC,CCN(CC)C(=O)\C(Cl)=C(/C)O[P](=O)(OC)OC
1075,Phosphane,7803â€“51-2,IN,,P
1077,Phoxim,14816-18-3,IN,CCO[P](=S)(OCC)O\N=C(C#N)\c1ccccc1,CCO[P](=S)(OCC)O\N=C(C#N)\c1ccccc1
1079,Picloram,2/1/1918,HB,,Nc1c(Cl)c(Cl)nc(C(O)=O)c1Cl
1081,Picoxystrobin,117428-22-5,FU,,CO/C=C(C(=O)OC)/c1ccccc1COc2cccc(n2)C(F)(F)F
1083,Piperalin,3478-94-2,FU,CC1CCCCN1CCCOC(=O)c2ccc(Cl)c(Cl)c2,CC1CCCCN1CCCOC(=O)c2ccc(Cl)c(Cl)c2
1084,Piributicarb,No CAS allocated,HB,,
1085,Pirimicarb,23103-98-2,IN,CN(C)C(=O)Oc1nc(nc(C)c1C)N(C)C,CN(C)C(=O)Oc1nc(nc(C)c1C)N(C)C
1086,Pirimiphos-ethyl,23505-41-1,IN,CCO[P](=S)(OCC)Oc1cc(C)nc(n1)N(CC)CC,CCO[P](=S)(OCC)Oc1cc(C)nc(n1)N(CC)CC
1087,Pirimiphos-methyl,29232-93-7 ,IN,CCN(CC)c1nc(C)cc(O[P](=S)(OC)OC)n1,CCN(CC)c1nc(C)cc(O[P](=S)(OC)OC)n1
1089,Plant oils / Citronella oil,No CAS allocated,HB,,
1102,Plant oils / Rape seed oil,8002-13-9,AC,,
1104,"Plant oils / Soybean oil, epoxylated",NO CAS allocated,IN,,
1108,Polyoxin,No CAS allocated,FU,,NC(C=O)[C@H]1O[C@H]([C@H](O)[C@@H]1O)N2C=C(C(O)=O)C(=O)NC2=O
1109,Polypeptide,No CAS allocated,FU,,
1112,Potassium iodide,7681-11-0,FU,[K+].[I-],[K+].[I-]
1114,Potassium permanganate,7722-64-7,"BA,FU,MO",,[K+].[O-][Mn](=O)(=O)=O
1117,Potassium sorbate,24634-61-5,FU,[K+].C/C=C/C=C/C([O-])=O,[K+].C/C=C/C=C/C([O-])=O
1118,Potassium thiocyanate,333-20-0,FU,[K+].[S-]C#N,[K+].[S-]C#N
1119,Potassium tri-iodide,No CAS allocated,FU,,[K+].[K+].[K+].[I-].[I-].[I-]
1120,Pretilachlor,51218-49-6,HB,CCCOCCN(C(=O)CCl)c1c(CC)cccc1CC,CCCOCCN(C(=O)CCl)c1c(CC)cccc1CC
1121,Primisulfuron,No CAS allocated,HB,,OC(=O)c1ccccc1[S](=O)(=O)NC(=O)Nc2nc(OC(F)F)cc(OC(F)F)n2
1122,Probenazole,27605-76-1,"BA,FU",C=CCOC1=N[S](=O)(=O)c2ccccc12,C=CCOC1=N[S](=O)(=O)c2ccccc12
1123,Prochloraz,67747-09-5,FU,CCCN(CCOc1c(Cl)cc(Cl)cc1Cl)C(=O)n2ccnc2,CCCN(CCOc1c(Cl)cc(Cl)cc1Cl)C(=O)n2ccnc2
1124,Procymidone,32809-16-8,FU,CC12CC1(C)C(=O)N(C2=O)c3cc(Cl)cc(Cl)c3,CC12CC1(C)C(=O)N(C2=O)c3cc(Cl)cc(Cl)c3
1125,Profenofos,41198-08-7,IN,CCCS[P](=O)(OCC)Oc1ccc(Br)cc1Cl,CCCS[P](=O)(OCC)Oc1ccc(Br)cc1Cl
1126,Profoxydim,139001-49-3,HB,,
1129,Promecarb,2631-37-0,IN,CNC(=O)Oc1cc(C)cc(c1)C(C)C,CNC(=O)Oc1cc(C)cc(c1)C(C)C
1130,Prometryn,7287-19-6,HB,CSc1nc(NC(C)C)nc(NC(C)C)n1,CSc1nc(NC(C)C)nc(NC(C)C)n1
1132,Propachlor,1918-16-7,HB,CC(C)N(C(=O)CCl)c1ccccc1,CC(C)N(C(=O)CCl)c1ccccc1
1134,Propanil,709-98-8,HB,CCC(=O)Nc1ccc(Cl)c(Cl)c1,CCC(=O)Nc1ccc(Cl)c(Cl)c1
1136,Propaquizafop,111479-05-1,HB,CC(Oc1ccc(Oc2cnc3cc(Cl)ccc3n2)cc1)C(=O)OCCON=C(C)C,CC(Oc1ccc(Oc2cnc3cc(Cl)ccc3n2)cc1)C(=O)OCCON=C(C)C
1137,Propargite,2312-35-8,AC,CC(C)(C)c1ccc(OC2CCCCC2O[S](=O)OCC#C)cc1,CC(C)(C)c1ccc(OC2CCCCC2O[S](=O)OCC#C)cc1
1138,Propazine,139-40-2,HB,CC(C)Nc1nc(Cl)nc(NC(C)C)n1,CC(C)Nc1nc(Cl)nc(NC(C)C)n1
1139,Propetamphos,31218-83-4,IN,CCN[P](=S)(OC)OC(/C)=C\C(=O)OC(C)C,CCN[P](=S)(OC)OC(/C)=C\C(=O)OC(C)C
1140,Propham,122-42-9,"HB,PG",CC(C)OC(=O)Nc1ccccc1,CC(C)OC(=O)Nc1ccccc1
1141,Propiconazole,60207-90-1,FU,CCCC1COC(Cn2cncn2)(O1)c3ccc(Cl)cc3Cl,CCCC1COC(Cn2cncn2)(O1)c3ccc(Cl)cc3Cl
1142,Propineb,9016-72-2,FU,,[Zn++]|1|[S-]C(=S)NCC(C)NC([S-]|1)=S
1143,Propionic acid,79-09-4,"BA,FU",CCC(O)=O,CCC(O)=O
1146,Propoxur,114-26-1,IN,CNC(=O)Oc1ccccc1OC(C)C,CNC(=O)Oc1ccccc1OC(C)C
1149,Propyrisulfuron,570415-88-2,HB,,
1152,Prosulfocarb,52888-80-9 ,HB,CCCN(CCC)C(=O)SCc1ccccc1,CCCN(CCC)C(=O)SCc1ccccc1
1153,Prosulfuron,94125-34-5,HB,COc1nc(C)nc(NC(=O)N[S](=O)(=O)c2ccccc2CCC(F)(F)F)n1,COc1nc(C)nc(NC(=O)N[S](=O)(=O)c2ccccc2CCC(F)(F)F)n1
1154,Prothiocarb,19622-08-3,FU,[Cl-].CCSC(=O)NCCC[NH+](C)C,[Cl-].CCSC(=O)NCCC[NH+](C)C
1156,Prothiofos,34643-46-4,IN,CCCS[P](=S)(OCC)Oc1ccc(Cl)cc1Cl,CCCS[P](=S)(OCC)Oc1ccc(Cl)cc1Cl
1157,Prothoate,2275-18-5,"AC,IN",CCO[P](=S)(OCC)SCC(=O)NC(C)C,CCO[P](=S)(OCC)SCC(=O)NC(C)C
1159,Pseudomonas sp. Strain DSMZ 13134,No CAS allocated,FU,,
1161,Purpureocillium lilacinum PL 11,No CAS allocated,NE,,
1162,Purpureocillium lilacinum strain 251 (former Paecilomyces lilacinus strain 251),No CAS allocated,NE,,
1164,Pydiflumetofen,1228284-64-7,FU,,
1165,Pymetrozine,123312-89-0,IN,CC1=NNC(=O)N(C1)\N=C\c2cccnc2,CC1=NNC(=O)N(C1)\N=C\c2cccnc2
1166,Pyraclofos,89784-60-1,AC,CCCS[P](=O)(OCC)Oc1cnn(c1)c2ccc(Cl)cc2,CCCS[P](=O)(OCC)Oc1cnn(c1)c2ccc(Cl)cc2
1169,Pyranocoumarin,518-20-7,RO,COC1(C)CC(c2ccccc2)C3=C(O1)c4ccccc4OC3=O,COC1(C)CC(c2ccccc2)C3=C(O1)c4ccccc4OC3=O
1170,Pyrasulfotole,365400-11-9,HB,,
1171,Pyrazophos,13457-18-6,FU,CCOC(=O)c1cn2nc(O[P](=S)(OCC)OCC)cc2nc1C,CCOC(=O)c1cn2nc(O[P](=S)(OCC)OCC)cc2nc1C
1172,Pyrazoxyfen,71561-11-0,HB,Cn1nc(C)c(C(=O)c2ccc(Cl)cc2Cl)c1OCC(=O)c3ccccc3,Cn1nc(C)c(C(=O)c2ccc(Cl)cc2Cl)c1OCC(=O)c3ccccc3
1173,Pyrethrins,8003-34-7 ,IN,,CC(C)=C[C@@H]1[C@@H](C(=O)O[C@H]2CC(=O)C(=C2C)C\C=C\C=C)C1(C)C
1174,Pyridaben,96489-71-3,"AC,IN",CC(C)(C)N1N=CC(=C(Cl)C1=O)SCc2ccc(cc2)C(C)(C)C,CC(C)(C)N1N=CC(=C(Cl)C1=O)SCc2ccc(cc2)C(C)(C)C
1175,Pyridafol,40020-01-7,HB,ClC1=CC(=O)C(=NN1)c2ccccc2,
1176,Pyridalyl,179101-81-6,IN,FC(F)(F)c1ccc(OCCCOc2c(Cl)cc(OCC=C(Cl)Cl)cc2Cl)nc1,FC(F)(F)c1ccc(OCCCOc2c(Cl)cc(OCC=C(Cl)Cl)cc2Cl)nc1
1177,Pyridaphenthion,119-12-0,"AC,IN",CCO[P](=S)(OCC)OC1=NN(C(=O)C=C1)c2ccccc2,CCO[P](=S)(OCC)OC1=NN(C(=O)C=C1)c2ccccc2
1179,Pyrifenox,88283-41-4,FU,CO\N=C(\Cc1cccnc1)c2ccc(Cl)cc2Cl,CO\N=C(\Cc1cccnc1)c2ccc(Cl)cc2Cl
1180,Pyrifluquinazon,337458-27-2,IN,,
1181,Pyriftalid,135186-78-6,HB,,
1184,Pyrimisulfan,221205-90-9,HB,,
1187,Pyrithiobac sodium,123343-16-8,HB,[Na+].COc1cc(OC)nc(Sc2cccc(Cl)c2C([O-])=O)n1,[Na+].COc1cc(OC)nc(Sc2cccc(Cl)c2C([O-])=O)n1
1188,Pyroquilon,57369-32-1,FU,O=C1CCc2cccc3CCN1c23,O=C1CCc2cccc3CCN1c23
1189,Pyroxasulfone,447399-55-5,HB,,
1190,Pyroxsulam,422556-08-9,HB,,
1194,Quassia amara L. wood extract,No CAS allocated,IN,,
1196,Quinalphos,13593-03-8,IN,CCO[P](=S)(OCC)Oc1cnc2ccccc2n1,CCO[P](=S)(OCC)Oc1cnc2ccccc2n1
1197,Quinclorac,84087-01-4,HB,OC(=O)c1c(Cl)ccc2cc(Cl)cnc12,OC(=O)c1c(Cl)ccc2cc(Cl)cnc12
1198,Quinmerac,90717-03-6,HB,Cc1cnc2c(ccc(Cl)c2C(O)=O)c1,Cc1cnc2c(ccc(Cl)c2C(O)=O)c1
1199,Quinoclamine,2797-51-5,"AL,HB",NC1=C(Cl)C(=O)c2ccccc2C1=O,NC1=C(Cl)C(=O)c2ccccc2C1=O
1200,Quinoxyfen,124495-18-7,FU,Fc1ccc(Oc2ccnc3cc(Cl)cc(Cl)c23)cc1,Fc1ccc(Oc2ccnc3cc(Cl)cc(Cl)c23)cc1
1201,Quintozene,82-68-8,FU,[O-][N+](=O)c1c(Cl)c(Cl)c(Cl)c(Cl)c1Cl,[O-][N+](=O)c1c(Cl)c(Cl)c(Cl)c(Cl)c1Cl
1203,Quizalofop,76578-12-6,HB,CC(Oc1ccc(Oc2cnc3cc(Cl)ccc3n2)cc1)C(O)=O,CC(Oc1ccc(Oc2cnc3cc(Cl)ccc3n2)cc1)C(O)=O
1204,Quizalofop-P,see notes,HB,,C[C@@H](Oc1ccc(Oc2cnc3cc(Cl)ccc3n2)cc1)C(O)=O
1205,Quizalofop-P-ethyl, 100646-51-3 ,HB,CCOC(=O)[C@@H](C)Oc1ccc(Oc2cnc3cc(Cl)ccc3n2)cc1,CCOC(=O)[C@@H](C)Oc1ccc(Oc2cnc3cc(Cl)ccc3n2)cc1
1206,Quizalofop-P-tefuryl,No CAS allocated,HB,,CC(Oc1ccc(Oc2cnc3cc(Cl)ccc3n2)cc1)C(=O)OCC4CCCO4
1215,Rescalure,67601-06-3,IN,,
1217,Resmethrin,28434-01-7,IN,CC(C)=CC1C(C(=O)OCc2coc(Cc3ccccc3)c2)C1(C)C,CC(C)=CC1C(C(=O)OCc2coc(Cc3ccccc3)c2)C1(C)C
1220,Rimsulfuron (aka renriduron),122931-48-0 ,HB,CC[S](=O)(=O)c1cccnc1[S](=O)(=O)NC(=O)Nc2nc(OC)cc(OC)n2,
1222,Rotenone,83-79-4,IN,COc1cc2OC[C@H]3Oc4c5C[C@@H](Oc5ccc4C(=O)[C@H]3c2cc1OC)C(C)=C,COc1cc2OC[C@H]3Oc4c5C[C@@H](Oc5ccc4C(=O)[C@H]3c2cc1OC)C(C)=C
1223,S-Metolachlor,87392-12-9,HB,,
1226,Saflufenacil,372137-35-4,HB,,
1230,Scilliroside,507-60-8,RO,CC(=O)OC1CC2(O)C(CCC3(C)C(CCC23O)C4=COC(=O)C=C4)C5(C)CCC(OC6OC(CO)C(O)C(O)C6O)C=C15,CC(=O)OC1CC2(O)C(CCC3(C)C(CCC23O)C4=COC(=O)C=C4)C5(C)CCC(OC6OC(CO)C(O)C(O)C6O)C=C15
1233,Secbumeton,26259-45-0,HB,CCNc1nc(NC(C)CC)nc(OC)n1,CCNc1nc(NC(C)CC)nc(OC)n1
1237,Sethoxydim,74051-80-2,HB,,
1238,Siduron,1982-49-6,HB,CC1CCCCC1NC(=O)Nc2ccccc2,CC1CCCCC1NC(=O)Nc2ccccc2
1242,Silver nitrate,7761-88-8,"FU,PG",[Ag+].[O-][N+]([O-])=O,[Ag+].[O-][N+]([O-])=O
1243,Simazine,122-34-9,HB,CCNc1nc(Cl)nc(NCC)n1,CCNc1nc(Cl)nc(NCC)n1
1244,Simeconazole,149508-90-7,FU,,
1248,Sodium arsenite,7784-46-5,"FU,IN",[Na+].[O-][As]=O,[Na+].[Na+].[Na+].[O-][As]([O-])[O-]
1250,Sodium chloride,7647-14-5 ,HB,[Na+].[Cl-],[Na+].[Cl-]
1252,Sodium dichlorophenate,No CAS allocated,"BA,FU",,
1253,Sodium dimethylarsinate,124-65-2,RO,[Na+].C[As](C)([O-])=O,[Na+].C[As](C)([O-])=O
1254,Sodium dimethyldithiocarbamate,128-04-1,FU,[Na+].CN(C)C([S-])=S,[Na+].CN(C)C([S-])=S
1255,Sodium dioctyl sulfosuccinate,1639-66-3,AC,[Na+].CCCCCCCCOC(=O)CC(C(=O)OCCCCCCCC)[S]([O-])(=O)=O,[Na].CCCCCCCCOC(=O)CC(C(=O)OCCCCCCCC)[S](O)(=O)=O
1256,Sodium fluosilicate,No CAS allocated,IN,,[Na+].[Na+].F[Si--](F)(F)(F)(F)F
1257,Sodium hydrogen carbonate (basic substance),144-55-8,FU,[Na+].OC([O-])=O,
1259,Sodium hydroxide,1310-73-2,HB,[OH-].[Na+],[OH-].[Na+]
1260,Sodium hypochlorite,7681-52-9,BA,[Na+].[O-]Cl,[Na+].[O-]Cl
1261,Sodium hypochlorite (BS),Sodium hypochlorite,FU,[Na+].[O-]Cl,
1263,Sodium metabisulphite,No CAS allocated,FU,,[Na+].[Na+].[O-][S](=O)[S]([O-])(=O)=O
1264,Sodium monochloroacetate,3926-62-3,HB,[Na+].[O-]C(=O)CCl,[Na].CC(=O)OCl
1265,Sodium o-benzyl-p-chlorphenoxide,No CAS allocated,FU,,
1268,Sodium p-t-amylphenate,No CAS allocated,"BA,FU",,
1269,Sodium p-t-amylphenoxide,No CAS allocated,FU,,[Na+].CCC(C)(C)c1ccc([O-])cc1
1271,Sodium propionate,137-40-6,FU,[Na+].CCC([O-])=O,[Na+].CCC([O-])=O
1273,Sodium tetraborate,No CAS allocated,"HB,IN,MO",,[Na+].[Na+].[Na+].[Na+].[Na+].[Na+].[Na+].[Na+].[Na+].[Na+].[Na+].[Na+].[O-]B([O-])[O-].[O-]B([O-])[O-].[O-]B([O-])[O-].[O-]B([O-])[O-]
1274,Sodium tetrathiocarbamate,No CAS allocated,NE,,[Na+].[Na+].[Na+].[Na+].NC([O-])=S.NC([O-])=S.NC([O-])=S.NC([O-])=S
1275,Sodium tetrathiocarbonate,See note,"FU,NE",,[Na+].[Na+].[Na+].[Na+].[Na+].[Na+].[Na+].[Na+].[O-]C([O-])=S.[O-]C([O-])=S.[O-]C([O-])=S.[O-]C([O-])=S
1276,Sodium thiocyanate,540-72-7,HB,[Na+].[S-]C#N,[Na+].[S-]C#N
1277,Sodium-p-toluene-sulfonchloramid,No CAS allocated,BA,,
1279,Spinetoram,See note ,IN,,
1280,Spinosad,168316-95-8,IN,CCC1CCCC(OC2CCC(C(C)O2)N(C)C)C(C)C(=O)C3CC4C(CCC5CC(CC45)OC6CC(C)C(OC)C(OC)C6OC)C3CC(=O)O1,CCC1CCCC(OC2CCC(C(C)O2)N(C)C)C(C)C(=O)C3CC4C(CCC5CC(CC45)OC6CC(C)C(OC)C(OC)C6OC)C3CC(=O)O1
1281,Spirodiclofen,148477-71-8,"AC,IN",CCC(C)(C)C(=O)OC1=C(C(=O)OC12CCCCC2)c3ccc(Cl)cc3Cl,CCC(C)(C)C(=O)OC1=C(C(=O)OC12CCCCC2)c3ccc(Cl)cc3Cl
1282,Spiromesifen,283594-90-1,"AC,IN",Cc1cc(C)c(c(C)c1)C2=C(OC(=O)CC(C)(C)C)C3(CCCC3)OC2=O,Cc1cc(C)c(c(C)c1)C2=C(OC(=O)CC(C)(C)C)C3(CCCC3)OC2=O
1287,Spodoptera littoralis nucleopolyhedrovirus (SpliNPV),No CAS allocated,IN,,
1293,Streptomycin,57-92-1,BA,CN[C@H]1[C@H](O)[C@@H](O)[C@H](CO)O[C@H]1O[C@H]2[C@@H](O[C@@H](C)[C@]2(O)C=O)O[C@H]3[C@H](O)[C@@H](O)[C@H](N=C(N)N)[C@@H](O)[C@@H]3N=C(N)N,CN[C@H]1[C@H](O)[C@@H](O)[C@H](CO)O[C@H]1O[C@H]2[C@@H](O[C@@H](C)[C@]2(O)C=O)O[C@H]3[C@H](O)[C@@H](O)[C@H](N=C(N)N)[C@@H](O)[C@@H]3N=C(N)N
1294,Strychnine,57-24-9,RO,O=C1C[C@@H]2OCC=C3CN4CC[C@@]56[C@@H]4C[C@@H]3[C@@H]2[C@@H]5N1c7ccccc67,O=C1CC2OCC=C3CN4CCC56C4CC3C2C5N1c7ccccc67
1296,Sulcotrione,99105-77-8,HB,C[S](=O)(=O)c1ccc(c(Cl)c1)C(=O)C2C(=O)CCCC2=O,C[S](=O)(=O)c1ccc(c(Cl)c1)C(=O)C2C(=O)CCCC2=O
1297,Sulfentrazone,122836-35-5,HB,CC1=NN(C(=O)N1C(F)F)c2cc(N[S](C)(=O)=O)c(Cl)cc2Cl,CC1=NN(C(=O)N1C(F)F)c2cc(N[S](C)(=O)=O)c(Cl)cc2Cl
1299,Sulfotep,3689-24-5,"AC,IN",CCO[P](=S)(OCC)O[P](=S)(OCC)OCC,CCO[P](=S)(OCC)O[P](=S)(OCC)OCC
1301,Sulfuryl fluoride,2699-79-8,IN,F[S](F)(=O)=O,F[S](F)(=O)=O
1303,Sulphuric acid,7664-93-9,HB,O[S](O)(=O)=O,O[S](O)(=O)=O
1304,Sulprofos,35400-43-2,IN,CCCS[P](=S)(OCC)Oc1ccc(SC)cc1,CCCS[P](=S)(OCC)Oc1ccc(SC)cc1
1306,"Swinglea glutinosa, ext.",No CAS allocated,FU,,
1307,TCA,76-03-9,HB,OC(=O)C(Cl)(Cl)Cl,OC(=O)C(Cl)(Cl)Cl
1308,TCMTB,21564-17-0,FU,N#CSCSc1sc2ccccc2n1,N#CSCSc1sc2ccccc2n1
1309,Tagetes oil,No CAS allocated,"AC,IN",,
1312,Tar acids,No CAS allocated,IN,,
1313,Tar oils,No CAS allocated,"HB,IN",,
1315,Tebufenozide,112410-23-8,IN,CCc1ccc(cc1)C(=O)NN(C(=O)c2cc(C)cc(C)c2)C(C)(C)C,CCc1ccc(cc1)C(=O)NN(C(=O)c2cc(C)cc(C)c2)C(C)(C)C
1316,Tebufenpyrad,119168-77-3,AC,CCc1nn(C)c(C(=O)NCc2ccc(cc2)C(C)(C)C)c1Cl,CCc1nn(C)c(C(=O)NCc2ccc(cc2)C(C)(C)C)c1Cl
1317,Tebutam (aka butam),35256-85-0,HB,CC(C)N(Cc1ccccc1)C(=O)C(C)(C)C,
1318,Tebuthiuron,34014-18-1,HB,CNC(=O)N(C)c1sc(nn1)C(C)(C)C,CNC(=O)N(C)c1sc(nn1)C(C)(C)C
1319,Tecnazene,117-18-0,"FU,PG",[O-][N+](=O)c1c(Cl)c(Cl)cc(Cl)c1Cl,[O-][N+](=O)c1c(Cl)c(Cl)cc(Cl)c1Cl
1320,Teflubenzuron,Teflubenzuron,IN,Fc1cccc(F)c1C(=O)NC(=O)Nc2cc(Cl)c(F)c(Cl)c2F,Fc1cccc(F)c1C(=O)NC(=O)Nc2cc(Cl)c(F)c(Cl)c2F
1321,Tefluthrin,79538-32-2,IN,Cc1c(F)c(F)c(COC(=O)C2C(\C=C(/Cl)C(F)(F)F)C2(C)C)c(F)c1F,Cc1c(F)c(F)c(COC(=O)C2C(\C=C(/Cl)C(F)(F)F)C2(C)C)c(F)c1F
1322,Tembotrione,335104-84-2,HB,,
1323,Temephos,3383-96-8,IN,CO[P](=S)(OC)Oc1ccc(Sc2ccc(O[P](=S)(OC)OC)cc2)cc1,CO[P](=S)(OC)Oc1ccc(Sc2ccc(O[P](=S)(OC)OC)cc2)cc1
1324,Tepraloxydim,149979-41-9,HB,,
1325,Terbacil,5902-51-2,HB,CC1=C(Cl)C(=O)N(C(=O)N1)C(C)(C)C,CC1=C(Cl)C(=O)N(C(=O)N1)C(C)(C)C
1326,Terbufos,13071-79-9,IN,CCO[P](=S)(OCC)SCSC(C)(C)C,CCO[P](=S)(OCC)SCSC(C)(C)C
1327,Terbumeton,33693-04-8,HB,CCNc1nc(NC(C)(C)C)nc(OC)n1,CCNc1nc(NC(C)(C)C)nc(OC)n1
1328,Terbuthylazine,5915-41-3,HB,CCNc1nc(Cl)nc(NC(C)(C)C)n1,CCNc1nc(Cl)nc(NC(C)(C)C)n1
1329,Terbutryn,886-50-0,HB,CCNc1nc(NC(C)(C)C)nc(SC)n1,CCNc1nc(NC(C)(C)C)nc(SC)n1
1330,Terpenoid blend QRD-460,No CAS allocated,IN,,
1331,Tetrachlorvinphos,22248-79-9,IN,CO[P](=O)(OC)OC(=C/Cl)/c1cc(Cl)c(Cl)cc1Cl,CO[P](=O)(OC)OC(=C/Cl)/c1cc(Cl)c(Cl)cc1Cl
1334,Tetradifon,116-29-0,"AC,IN",Clc1ccc(cc1)[S](=O)(=O)c2cc(Cl)c(Cl)cc2Cl,Clc1ccc(cc1)[S](=O)(=O)c2cc(Cl)c(Cl)cc2Cl
1335,Tetraethyl pyrophosphate (TEPP),107-49-3,IN,CCO[P](=O)(OCC)O[P](=O)(OCC)OCC,
1336,Tetramethrin,7696-12-0,IN,CC(C)=C[C@@H]1[C@@H](C(=O)OCN2C(=O)C3=C(CCCC3)C2=O)C1(C)C,CC(C)=C[C@@H]1[C@@H](C(=O)OCN2C(=O)C3=C(CCCC3)C2=O)C1(C)C
1337,Tetrasul,2227-13-6,AC,Clc1ccc(Sc2cc(Cl)c(Cl)cc2Cl)cc1,Clc1ccc(Sc2cc(Cl)c(Cl)cc2Cl)cc1
1338,Thallium sulphate,7446-18-6,RO,[Tl+].[Tl+].[O-][S]([O-])(=O)=O,[Tl++].[O-][S]([O-])(=O)=O
1340,Thiacloprid,111988-49-9,IN,Clc1ccc(CN2CCSC2=NC#N)cn1,Clc1ccc(CN2CCSC2=NC#N)cn1
1341,Thiamethoxam,153719-23-4,IN,CN1COCN(Cc2sc(Cl)nc2)/C1=N/[N+]([O-])=O,CN1COCN(Cc2sc(Cl)nc2)\C1=N/[N+]([O-])=O
1342,Thiazafluron,25366-23-8,HB,CNC(=O)N(C)c1sc(nn1)C(F)(F)F,CNC(=O)N(C)c1sc(nn1)C(F)(F)F
1343,Thiazopyr,117718-60-2,HB,COC(=O)c1c(CC(C)C)c(C2=NCCS2)c(nc1C(F)F)C(F)(F)F,COC(=O)c1c(CC(C)C)c(C2=NCCS2)c(nc1C(F)F)C(F)(F)F
1345,Thiencarbazone-methyl,317815-83-1,HB,,
1347,Thiobencarb,28249-77-6,HB,CCN(CC)C(=O)SCc1ccc(Cl)cc1,CCN(CC)C(=O)SCc1ccc(Cl)cc1
1348,Thiocyclam,31895-21-3,IN,CN(C)C1CSSSC1,CN(C)C1CSSSC1
1349,Thiodicarb,59669-26-0,IN,CSC(/C)=N/OC(=O)N(C)SN(C)C(=O)O\N=C(/C)SC,CSC(\C)=N/OC(=O)N(C)SN(C)C(=O)O\N=C(\C)SC
1350,Thiofanox,See note,IN,,CNC(=O)O\N=C(/CSC)C(C)(C)C
1351,Thiometon,640-15-3,"AC,IN",CCSCCS[P](=S)(OC)OC,CCSCCS[P](=S)(OC)OC
1352,Thionazin,297-97-2,NE,CCO[P](=S)(OCC)Oc1cnccn1,CCO[P](=S)(OCC)Oc1cnccn1
1353,Thiophanate (ethyl),23564-06-9,FU,CCOC(=O)NC(=S)Nc1ccccc1NC(=S)NC(=O)OCC,
1354,Thiophanate-methyl,23564-05-8,FU,COC(=O)NC(=S)Nc1ccccc1NC(=S)NC(=O)OC,COC(=O)NC(=S)Nc1ccccc1NC(=S)NC(=O)OC
1356,Thiourea,62-56-6,RO,NC(N)=S,NC(N)=S
1357,Thiram,137-26-8,FU,CN(C)C(=S)SSC(=S)N(C)C,CN(C)C(=S)SSC(=S)N(C)C
1358,Thyme oil,No CAS allocated,IN,,
1360,Tiadinil,223580-51-6,FU,,
1361,Tiocarbazil,36756-79-3,HB,CCC(C)N(C(C)CC)C(=O)SCc1ccccc1,CCC(C)N(C(C)CC)C(=O)SCc1ccccc1
1365,Tolylfluanid,731-27-1,"AC,FU",CN(C)[S](=O)(=O)N(SC(F)(Cl)Cl)c1ccc(C)cc1,CN(C)[S](=O)(=O)N(SC(F)(Cl)Cl)c1ccc(C)cc1
1368,Topramezone,210631-68-8,HB,,
1369,Tralkoxydim,87820-88-0,HB,,
1370,Tralomethrin,66841-25-6,IN,CC1(C)[C@@H](C(Br)C(Br)(Br)Br)[C@H]1C(=O)O[C@H](C#N)c2cccc(Oc3ccccc3)c2,CC1(C)[C@@H](C(Br)C(Br)(Br)Br)[C@H]1C(=O)O[C@H](C#N)c2cccc(Oc3ccccc3)c2
1373,Triadimefon,43121-43-3,FU,CC(C)(C)C(=O)C(Oc1ccc(Cl)cc1)n2cncn2,CC(C)(C)C(=O)C(Oc1ccc(Cl)cc1)n2cncn2
1374,Triadimenol,55219-65-3,FU,CC(C)(C)C(O)C(Oc1ccc(Cl)cc1)n2cncn2,CC(C)(C)C(O)C(Oc1ccc(Cl)cc1)n2cncn2
1376,Triasulfuron,82097-50-5,HB,COc1nc(C)nc(NC(=O)N[S](=O)(=O)c2ccccc2OCCCl)n1,COc1nc(C)nc(NC(=O)N[S](=O)(=O)c2ccccc2OCCCl)n1
1377,Triazamate,112143-82-5,IN,CCOC(=O)CSc1nc(nn1C(=O)N(C)C)C(C)(C)C,CCOC(=O)CSc1nc(nn1C(=O)N(C)C)C(C)(C)C
1378,Triazbutyl,16227-10-4,FU,CCCCn1cnnc1,
1379,Triazophos,24017-47-8,"AC,IN",CCO[P](=S)(OCC)Oc1ncn(n1)c2ccccc2,CCO[P](=S)(OCC)Oc1ncn(n1)c2ccccc2
1380,Triazoxide,72459-58-6,FU,[O-][n+]1nc(nc2ccc(Cl)cc12)n3ccnc3,[O-][n+]1nc(nc2ccc(Cl)cc12)n3ccnc3
1384,Tricalcium phosphate,10103-46-5,RO,[Ca++].[Ca++].[Ca++].[O-][P]([O-])([O-])=O.[O-][P]([O-])([O-])=O,[Ca++].[Ca++].[Ca++].[O-][P]([O-])([O-])=O.[O-][P]([O-])([O-])=O
1385,Trichlorfon,52-68-6,IN,CO[P](=O)(OC)C(O)C(Cl)(Cl)Cl,CO[P](=O)(OC)C(O)C(Cl)(Cl)Cl
1386,Trichloronat,327-98-0,IN,CCO[P](=S)(CC)Oc1cc(Cl)c(Cl)cc1Cl,CCO[P](=S)(CC)Oc1cc(Cl)c(Cl)cc1Cl
1389,Trichoderma afroharzianum Th2RI99,No CAS allocated,FU,,
1394,Trichoderma asperellum strain T34,No CAS allocated,FU,,
1399,Trichoderma atroviride AGR2,No CAS allocated,FU,,
1400,Trichoderma atroviride AT10,No CAS allocated,FU,,
1403,Trichoderma gamsii (formerly T. viride) strain ICC080,No CAS allocated,FU,,
1404,Trichoderma harzianum T78,No CAS allocated,FU,,
1405,Trichoderma polysporum strain IMI 206039,No CAS allocated,FU,,
1406,Triclopyr,55335-06-3,HB,OC(=O)COc1nc(Cl)c(Cl)cc1Cl,OC(=O)COc1nc(Cl)c(Cl)cc1Cl
1407,Tricyclazole,41814-78-2,FU,Cc1cccc2sc3nncn3c12,Cc1cccc2sc3nncn3c12
1408,Tridemorph,24602-86-6,FU,CCCCCCCCCCCCCN1CC(C)OC(C)C1,CCCCCCCCCCCCCN1CC(C)OC(C)C1
1409,Tridiphane,58138-08-2,HB,Clc1cc(Cl)cc(c1)C2(CO2)CC(Cl)(Cl)Cl,Clc1cc(Cl)cc(c1)C2(CO2)CC(Cl)(Cl)Cl
1410,Trietazine,1912-26-1,HB,CCNc1nc(Cl)nc(n1)N(CC)CC,CCNc1nc(Cl)nc(n1)N(CC)CC
1411,Trifenmorph,1420-06-0,MO,C1CN(CCO1)C(c2ccccc2)(c3ccccc3)c4ccccc4,C1CN(CCO1)C(c2ccccc2)(c3ccccc3)c4ccccc4
1414,Triflumezopyrim,1263133-33-0,IN,,
1415,Triflumizole,68694-11-1,FU,CCCOCC(=Nc1ccc(Cl)cc1C(F)(F)F)n2ccnc2,CCCOCC(=Nc1ccc(Cl)cc1C(F)(F)F)n2ccnc2
1416,Triflumuron,64628-44-0,IN,FC(F)(F)Oc1ccc(NC(=O)NC(=O)c2ccccc2Cl)cc1,FC(F)(F)Oc1ccc(NC(=O)NC(=O)c2ccccc2Cl)cc1
1417,Trifluralin,1582-09-8,HB,CCCN(CCC)c1c(cc(cc1[N+]([O-])=O)C(F)(F)F)[N+]([O-])=O,CCCN(CCC)c1c(cc(cc1[N+]([O-])=O)C(F)(F)F)[N+]([O-])=O
1418,Triflusulfuron (formerly Triflusulfuron-methyl),135990-29-3,HB,CN(C)c1nc(NC(=O)N[S](=O)(=O)c2c(C)cccc2C(O)=O)nc(OCC(F)(F)F)n1,
1419,Triforine,26644-46-2,"AC,FU",ClC(Cl)(Cl)C(NC=O)N1CCN(CC1)C(NC=O)C(Cl)(Cl)Cl,ClC(Cl)(Cl)C(NC=O)N1CCN(CC1)C(NC=O)C(Cl)(Cl)Cl
1423,Trioxymethylen,110-88-3,FU,C1OCOCO1,C1OCOCO1
1425,Tritosulfuron,142469-14-5,HB,,COc1nc(NC(=O)N[S](=O)(=O)c2ccccc2C(F)(F)F)nc(n1)C(F)(F)F
1429,Validamycin,37248-47-8,FU,OC[C@H]1C[C@H](N[C@H]2C=C(CO)[C@@H](O)[C@H](O)[C@H]2O)[C@H](O)[C@@H](O)[C@@H]1O[C@@H]3O[C@H](CO)[C@@H](O)[C@H](O)[C@H]3O,OC[C@H]1C[C@H](N[C@H]2C=C(CO)[C@@H](O)[C@H](O)[C@H]2O)[C@H](O)[C@@H](O)[C@@H]1O[C@@H]3O[C@H](CO)[C@@H](O)[C@H](O)[C@H]3O
1431,Vamidothion,2275-23-2,"AC,IN",CNC(=O)CCSCCS[P](=O)(OC)OC,CNC(=O)C(C)SCCS[P](=O)(OC)OC
1432,Vernolate,1929-77-7,HB,CCCSC(=O)N(CCC)CCC,CCCSC(=O)N(CCC)CCC
1433,Verticillium albo-atrum (formerly Verticillium dahliae) strain WCS850,No CAS allocated,FU,,
1435,Vinclozolin,50471-44-8,FU,CC1(OC(=O)N(C1=O)c2cc(Cl)cc(Cl)c2)C=C,CC1(OC(=O)N(C1=O)c2cc(Cl)cc(Cl)c2)C=C
1437,Vitis vinifera L. seed extract (grape seed extract),No CAS allocated,FU,,
1438,Warfarin (aka coumaphene),81-81-2,RO,CC(=O)CC(c1ccccc1)C2=C(O)Oc3ccccc3C2=O,
1444,Yucca Schidigera extract,No CAS allocated,"BA,FU",,
1445,Zinc phosphide,1314-84-7,RO,[Zn](|P=[Zn])|P=[Zn],[Zn](|P=[Zn])|P=[Zn]
1446,Zineb,12122-67-7,FU,[Zn++].[S-]C(=S)NCCNC([S-])=S,[Zn++].[S-]C(=S)NCCNC([S-])=S
1449,Zucchini yellow mosaic virus (ZYMV mild strain),No CAS allocated,FU,,
1450,Zucchini yellow mosaic virus - weak strain,No CAS allocated,FU,,
1452,delta-endotoxin of Bacillus thuringiensis,No CAS allocated,IN,,
1453,florylpicoxamid,1961312-55-9,FU,,
1454,lambda-Cyhalothrin,91465-08-6,IN,CC1(C)[C@@H](\C=C(/Cl)C(F)(F)F)[C@H]1C(=O)OC(C#N)c2cccc(Oc3ccccc3)c2,CC1(C)[C@@H](\C=C(/Cl)C(F)(F)F)[C@H]1C(=O)OC(C#N)c2cccc(Oc3ccccc3)c2
1456,p-Chloronitrobenzene,100-00-5,IN,[O-][N+](=O)c1ccc(Cl)cc1,[O-][N+](=O)c1ccc(Cl)cc1
1458,p-Dichlorobenzene,106-46-7,RO,Clc1ccc(Cl)cc1,Clc1ccc(Cl)cc1
1462,tau-Fluvalinate,102851-06-9,IN,CC(C)[C@@H](Nc1ccc(cc1Cl)C(F)(F)F)C(=O)OC(C#N)c2cccc(Oc3ccccc3)c2,CC(C)[C@@H](Nc1ccc(cc1Cl)C(F)(F)F)C(=O)OC(C#N)c2cccc(Oc3ccccc3)c2
1464,zeta-Cypermethrin,52315-07-8,IN,CC1(C)C(C=C(Cl)Cl)C1C(=O)OC(C#N)c2cccc(Oc3ccccc3)c2,CC1(C)C(C=C(Cl)Cl)C1C(=O)OC(C#N)c2cccc(Oc3ccccc3)c2
